-779,0,43,3
-777,1,210,5
-823,2,237,3
-1626,3,287,3
-1763,4,397,3
-736,5,468,4
-1680,6,529,3
-933,7,616,4
-57,8,640,4
-934,9,673,3
-2188,10,761,3
-569,11,946,5
-933,12,973,3
-1909,13,1123,3
-1541,14,1218,3
-963,15,1269,3
-716,16,1289,3
-963,17,1312,3
-1120,18,1357,3
-693,19,1391,3
-1156,20,1427,3
-1296,21,1464,3
-1698,22,1572,3
-2394,23,1758,3
-1078,24,1802,3
-189,25,1851,4
-1363,26,1917,3
-413,27,2023,5
-1675,28,2093,3
-232,29,2168,4
-1656,30,2242,3
-1470,31,2274,3
-1485,32,2322,3
-1332,33,2363,3
-1238,34,2388,3
-88,35,2443,4
-511,36,2477,3
359,37,2509,4
-507,38,2567,4
-872,39,2615,3
-1720,40,2688,3
-625,41,2730,3
-1263,42,2768,3
-551,43,2806,3
-1238,44,2846,3
-1405,45,2909,3
-1170,46,3006,3
-1519,47,3055,3
-1039,48,3106,3
-368,49,3164,4
-1628,50,3215,3
-1423,51,3265,3
-2192,52,3422,3
-679,53,3449,3
-666,54,3469,3
-822,55,3485,3
-623,56,3556,3
-1169,57,3700,4
-1686,58,3769,3
-944,59,3805,3
-329,60,3823,3
-1035,61,3953,3
-823,62,3979,3
-1218,63,4024,3
-62,64,4090,4
-942,65,4126,3
-776,66,4178,3
-1701,67,4256,3
-1159,68,4272,3
-598,69,4288,3
-800,70,4369,3
-1251,71,4396,3
-1376,72,4473,3
-1131,73,4555,3
-1070,74,4595,3
-1095,75,4618,3
-536,76,4642,3
-991,77,4672,3
-1800,78,4849,4
-327,79,4889,4
-2373,80,5042,3
-463,81,5060,3
-1713,82,5146,3
-1116,83,5198,3
-436,84,5244,4
-1393,85,5306,3
-1191,86,5336,3
-1339,87,5447,3
-1768,88,5539,3
-702,89,5560,3
-1357,90,5592,3
-526,91,5620,3
-794,92,5690,4
-1142,93,5779,3
-849,94,5818,3
-3214,95,6078,3
-1194,96,6123,3
-1297,97,6144,3
-1098,98,6189,3
-1329,99,6235,3
-201,100,6280,4
-1554,101,6330,3
-976,102,6378,3
-1958,103,6487,3
-515,104,6537,3
-823,105,6563,3
-1133,106,6642,3
191,107,6679,5
-1587,108,6720,3
-517,109,6771,3
-582,110,6800,3
-651,111,6830,3
-383,112,6861,3
-961,113,6884,3
-2371,114,7026,3
-752,115,7047,3
-1154,116,7096,3
-647,117,7151,3
-975,118,7223,4
-628,119,7244,3
-1619,120,7366,4
-716,121,7395,3
-1285,122,7478,3
-720,123,7502,3
-694,124,7527,3
-3004,125,7704,3
-1967,126,7774,3
-514,127,7807,3
-431,128,7857,3
-1588,129,8014,4
-1651,130,8145,3
-1075,131,8231,3
-610,132,8256,3
-1330,133,8289,3
-919,134,8324,3
-901,135,8354,3
-1042,136,8430,3
-769,137,8461,3
-1445,138,8572,3
-793,139,8603,3
-789,140,8642,3
-1791,141,8765,3
-1001,142,8807,3
-1280,143,8844,3
-1200,144,8890,3
-970,145,8927,3
-1058,146,8956,3
-1391,147,8988,3
-1826,148,9146,4
-1177,149,9193,3
-75,150,9217,4
-1007,151,9288,3
-391,152,9314,3
-824,153,9339,3
-435,154,9505,5
-1136,155,9545,3
-888,156,9586,3
-849,157,9648,3
-2001,158,9714,3
-982,159,9734,3
-592,160,9770,3
-823,161,9797,3
-1136,162,9814,3
-932,163,9847,3
-1229,164,9898,3
-1577,165,9960,3
-1540,166,10009,3
-443,167,10028,3
-1232,168,10092,3
-1230,169,10140,3
151,170,10189,4
-1984,171,10287,3
-1025,172,10301,3
-863,173,10351,3
-1614,174,10420,3
-758,175,10489,3
29,176,10583,4
-1518,177,10703,3
-951,178,10742,3
-707,179,10760,3
-1270,180,10793,3
3,181,10902,5
-906,182,10955,3
-574,183,10987,3
-799,184,11001,3
-1122,185,11045,3
290,186,11124,4
-1382,187,11161,3
-1505,188,11193,3
-1097,189,11220,3
-854,190,11233,3
-1908,191,11300,3
-1944,192,11409,3
-936,193,11434,3
-1035,194,11461,3
-863,195,11499,3
-456,196,11524,3
-949,197,11558,3
-2108,198,11702,3
-1902,199,11819,3
-615,200,11861,3
-162,201,11939,4
-1527,202,12029,3
-1518,203,12101,3
-442,204,12126,3
-806,205,12179,3
-1024,206,12212,3
-1269,207,12240,3
-1063,208,12278,3
-1065,209,12317,3
-728,210,12334,3
-895,211,12348,3
-1256,212,12494,4
188,213,12545,4
-78,214,12603,4
-868,215,12631,3
-188,216,12668,4
-776,217,12692,3
-1077,218,12755,3
-698,219,12804,3
-964,220,12859,4
-566,221,12895,3
-1300,222,12939,3
-1335,223,12974,3
-823,224,13025,3
-570,225,13065,3
-1365,226,13115,3
-746,227,13136,3
-431,228,13170,3
-799,229,13224,3
-881,230,13274,3
-1358,231,13326,3
-852,232,13378,3
-947,233,13412,3
-963,234,13427,3
-796,235,13444,3
-838,236,13509,3
-338,237,13529,3
-1112,238,13549,3
-290,239,13599,4
-935,240,13610,3
287,241,13679,5
-834,242,13695,3
-1143,243,13726,3
-1157,244,13752,3
-1012,245,13772,3
-1069,246,13831,3
-1915,247,13949,3
-595,248,14045,4
-1871,249,14112,3
-683,250,14171,3
-1509,251,14257,3
-1037,252,14304,3
-1510,253,14373,3
-1763,254,14441,3
-542,255,14523,4
-1520,256,14552,3
-2201,257,14730,3
-921,258,14757,3
-590,259,14821,3
-438,260,14837,3
-277,261,14863,3
-1091,262,14885,3
-78,263,14961,5
-2201,264,15119,3
-841,265,15149,3
-2148,266,15253,3
-1741,267,15371,3
-1045,268,15413,3
-1530,269,15452,3
-771,270,15537,4
-851,271,15555,3
-1105,272,15602,3
-587,273,15629,3
-986,274,15646,3
-728,275,15671,3
71,276,15708,4
-497,277,15734,3
-2093,278,15865,3
-854,279,15922,3
-2036,280,16042,3
-1145,281,16076,3
-1261,282,16127,3
-1222,283,16156,3
-991,284,16195,3
-1298,285,16240,3
-1007,286,16282,3
-914,287,16331,3
-665,288,16377,3
-206,289,16389,3
-1804,290,16481,3
-1120,291,16537,3
-972,292,16569,3
-944,293,16597,3
-831,294,16627,3
-400,295,16668,3
-1890,296,16767,4
-1323,297,16826,3
-1418,298,16868,3
-57,299,16912,4
91,300,16943,4
-277,301,16991,4
-443,302,17005,3
-1917,303,17090,3
-1655,304,17184,3
-1496,305,17286,4
-159,306,17314,4
190,307,17394,5
639,308,17430,4
-2172,309,17538,3
-1337,310,17628,3
-728,311,17690,4
-1099,312,17780,3
-989,313,17826,3
-1026,314,17859,3
-882,315,17871,3
-538,316,17888,3
-980,317,17925,3
-1677,318,18003,3
-1189,319,18061,3
-1136,320,18110,3
-677,321,18152,3
-1288,322,18249,3
-584,323,18313,3
-433,324,18336,3
-1403,325,18387,3
-1161,326,18426,3
60,327,18538,5
-1183,328,18621,3
-1111,329,18652,3
-408,330,18692,3
-1315,331,18746,3
-1870,332,18906,3
-945,333,18949,3
28,334,18972,4
-1183,335,18988,3
401,336,19109,5
-885,337,19128,3
-1235,338,19215,3
-1498,339,19312,3
-766,340,19430,4
-910,341,19458,3
-753,342,19485,3
-481,343,19581,4
-366,344,19640,4
-1047,345,19687,3
-465,346,19767,4
-351,347,19823,4
-1637,348,19876,3
-1013,349,20017,4
-1089,350,20076,3
-1166,351,20101,3
-963,352,20136,3
-653,353,20179,3
-1942,354,20280,3
-952,355,20369,3
-895,356,20430,4
-839,357,20518,4
-1111,358,20533,3
-755,359,20560,3
-882,360,20588,3
-912,361,20616,3
-1011,362,20705,4
-850,363,20782,3
-536,364,20831,3
204,365,20853,4
-419,366,20901,4
-978,367,20967,4
-411,368,21013,4
-643,369,21028,3
-858,370,21048,3
-1554,371,21081,3
-14,372,21146,4
-364,373,21186,3
-2190,374,21301,3
-987,375,21347,3
-13,376,21403,4
-1058,377,21472,3
-693,378,21507,3
-378,379,21527,3
-1112,380,21552,3
-596,381,21585,3
-2905,382,21779,3
-93,383,21830,5
-432,384,21867,3
526,385,21898,5
-690,386,21926,3
717,387,21975,5
-1199,388,22079,4
-1113,389,22098,3
-696,390,22127,3
-677,391,22197,3
-688,392,22249,3
-926,393,22294,3
-429,394,22320,3
-1032,395,22441,4
-2122,396,22546,3
-835,397,22569,3
-863,398,22640,3
-1193,399,22671,3
-1166,400,22708,3
-1060,401,22732,3
-1295,402,22850,3
-967,403,22885,3
-1540,404,22977,3
-1073,405,23032,3
-1009,406,23058,3
-38,407,23108,4
-912,408,23137,3
153,409,23165,4
-1429,410,23251,3
-1332,411,23281,3
-570,412,23306,3
-384,413,23338,3
-1227,414,23364,3
-293,415,23398,3
-361,416,23493,4
424,417,23577,5
-1109,418,23600,3
-372,419,23624,3
-721,420,23654,3
184,421,23671,4
-1407,422,23737,3
-798,423,23770,3
-606,424,23787,3
-1581,425,23824,3
-787,426,23854,3
261,427,23992,5
-1409,428,24022,3
-491,429,24044,3
-945,430,24090,3
-742,431,24157,4
-1002,432,24201,3
-364,433,24226,3
162,434,24269,4
809,435,24317,5
-1498,436,24378,3
-1737,437,24601,4
-2225,438,24750,3
-884,439,24790,3
-964,440,24900,4
-2005,441,25003,3
-564,442,25039,3
-712,443,25100,3
-643,444,25212,4
-1111,445,25262,3
-440,446,25308,4
-415,447,25383,4
-2119,448,25614,3
217,449,25689,5
334,450,25764,5
-264,451,25788,3
-1218,452,25840,3
-1024,453,25869,3
-565,454,25919,3
-1852,455,26012,3
-638,456,26036,3
-1181,457,26086,3
-1519,458,26216,3
-584,459,26244,3
-559,460,26263,3
-876,461,26320,3
-847,462,26460,4
-1382,463,26520,3
109,464,26646,5
-388,465,26663,3
43,466,26746,4
-710,467,26852,4
-824,468,26962,4
-844,469,26975,3
-1333,470,27000,3
-1025,471,27055,3
-520,472,27100,3
-534,473,27137,3
-759,474,27147,3
494,475,27162,4
-767,476,27275,4
-1250,477,27306,3
-1609,478,27376,3
-1438,479,27429,3
-873,480,27451,3
-1444,481,27568,4
-1697,482,27707,3
100,483,27765,4
-1463,484,27824,3
-359,485,27846,3
-300,486,27885,4
-771,487,27985,4
-754,488,28033,3
-841,489,28055,3
-604,490,28117,4
-1130,491,28193,3
-926,492,28221,3
-1295,493,28346,4
-1021,494,28432,3
-2080,495,28533,3
-823,496,28568,3
-2444,497,28749,3
-718,498,28850,4
-102,499,28959,4
390,500,29084,5
-1200,501,29218,4
-926,502,29290,3
-452,503,29434,5
-835,504,29524,4
-693,505,29555,3
-1258,506,29611,3
-927,507,29642,3
-800,508,29740,4
-1143,509,29790,3
-1366,510,29843,3
-480,511,29872,3
997,512,29931,5
500,513,30019,5
-790,514,30040,3
-600,515,30157,4
-760,516,30274,4
-741,517,30357,3
-1116,518,30473,3
-1975,519,30549,3
-1451,520,30598,3
-959,521,30664,3
-602,522,30743,4
-619,523,30789,3
-678,524,30829,3
-2623,525,30983,3
-440,526,31172,5
-622,527,31229,3
-222,528,31295,4
-810,529,31381,4
-334,530,31401,3
-978,531,31477,3
-978,532,31494,3
-661,533,31536,3
-1132,534,31604,3
-447,535,31630,3
-1714,536,31715,3
180,537,31859,5
-1057,538,31934,3
-589,539,32075,4
21,540,32126,4
-1952,541,32344,4
-465,542,32378,3
-1314,543,32455,3
-307,544,32478,3
-1062,545,32522,3
36,546,32584,4
-317,547,32608,4
-1134,548,32636,3
-1103,549,32715,3
1075,550,32810,6
-1201,551,32931,4
-1230,552,32967,3
54,553,33032,4
-906,554,33060,3
805,555,33101,5
-1282,556,33174,3
-581,557,33197,3
-322,558,33247,4
-262,559,33326,4
-1231,560,33478,5
-1041,561,33509,3
-1152,562,33673,3
-1894,563,33870,3
-1113,564,33893,3
-944,565,33949,3
-585,566,34006,4
-676,567,34066,4
-667,568,34121,3
-982,569,34173,3
787,570,34218,5
-959,571,34256,3
-1493,572,34297,3
-936,573,34370,3
264,574,34469,5
-46,575,34500,4
667,576,34580,5
-654,577,34652,3
277,578,34786,5
-440,579,34857,4
107,580,34877,4
-2554,581,35042,3
-406,582,35169,4
-625,583,35212,3
-714,584,35237,3
-1006,585,35254,3
-38,586,35376,4
-951,587,35435,3
-346,588,35455,3
-422,589,35501,4
-802,590,35538,3
-3743,591,35889,3
-589,592,36002,4
15,593,36078,4
-2441,594,36185,3
-1756,595,36455,4
-420,596,36496,3
455,597,36638,5
-240,598,36687,4
-764,599,36759,3
-479,600,36781,3
-2357,601,36954,3
-1357,602,37025,3
-284,603,37049,3
-2069,604,37204,3
-1244,605,37353,4
-758,606,37471,4
-1011,607,37593,3
-733,608,37656,3
-1411,609,37915,4
-759,610,37938,3
-1085,611,37984,3
-1107,612,38039,3
-683,613,38094,3
-648,614,38175,4
-142,615,38225,4
-1567,616,38285,3
-666,617,38359,4
-381,618,38434,4
994,619,38459,5
-1389,620,38514,3
-641,621,38560,4
-1379,622,38595,3
-1042,623,38616,3
15,624,38693,4
-552,625,38746,3
-264,626,38800,4
926,627,38860,5
-819,628,38906,3
-772,629,38958,3
-484,630,39017,4
-1029,631,39056,3
-1228,632,39100,3
-908,633,39129,3
-1590,634,39180,3
-481,635,39195,3
-857,636,39338,4
-458,637,39415,4
-1518,638,39585,4
-781,639,39624,3
-585,640,39646,3
-956,641,39772,4
-888,642,39808,3
-527,643,39830,3
234,644,39938,5
-2176,645,40074,3
-546,646,40102,3
-1763,647,40226,3
270,648,40312,4
-653,649,40362,3
-763,650,40408,3
-159,651,40457,4
-323,652,40476,3
-1228,653,40508,3
313,654,40560,4
-411,655,40586,3
-493,656,40617,3
79,657,40730,5
-615,658,40804,3
-2126,659,40997,3
-824,660,41043,4
-644,661,41116,3
-440,662,41172,3
-533,663,41202,3
-792,664,41250,3
-364,665,41271,3
-1133,666,41406,3
-891,667,41425,3
334,668,41526,5
207,669,41581,4
-839,670,41612,3
-806,671,41937,5
-1266,672,41961,3
-621,673,42035,3
-405,674,42057,3
678,675,42093,5
-718,676,42130,3
-873,677,42193,3
-795,678,42207,3
-874,679,42267,3
-1438,680,42381,4
74,681,42414,4
-750,682,42575,4
-1405,683,42598,3
-1183,684,42680,3
-752,685,42748,3
-441,686,42782,3
-797,687,42796,3
158,688,42877,4
1072,689,42912,5
-1484,690,42968,3
-1508,691,43072,3
-379,692,43094,3
-1183,693,43188,3
-885,694,43206,3
88,695,43237,4
-1335,696,43295,3
-526,697,43332,3
-1331,698,43442,3
-442,699,43516,4
-1313,700,43562,3
-1644,701,43714,3
-848,702,43755,3
-55,703,43818,4
677,704,43895,5
301,705,43934,4
706,706,43961,5
742,707,44042,5
-9,708,44114,4
-692,709,44175,3
-390,710,44212,3
-808,711,44293,3
-833,712,44324,3
-536,713,44380,3
-1190,714,44444,3
-462,715,44468,3
-2032,716,44710,4
-454,717,44750,3
-330,718,44775,3
-401,719,44796,4
218,720,44861,4
232,721,44996,5
-420,722,45017,3
-801,723,45051,3
-561,724,45090,3
-1328,725,45187,3
1556,726,45297,7
-118,727,45339,4
-1397,728,45425,3
330,729,45496,5
-747,730,45546,3
-434,731,45567,3
-668,732,45741,4
-2032,733,45828,3
-2411,734,45999,3
-638,735,46023,3
-1631,736,46071,3
-921,737,46137,3
-787,738,46241,4
-1340,739,46419,4
-1349,740,46537,4
-301,741,46608,4
-750,742,46641,3
-776,743,46688,4
-1038,744,46819,4
-581,745,46939,4
-465,746,46966,3
-649,747,47040,3
-1373,748,47086,3
-590,749,47110,3
-743,750,47165,3
236,751,47195,4
-1165,752,47222,3
267,753,47281,4
-120,754,47323,4
-771,755,47381,3
-986,756,47465,3
-1112,757,47497,3
919,758,47538,5
-673,759,47606,4
-453,760,47670,4
-1639,761,47713,3
-2917,762,47911,3
-1549,763,48058,3
-945,764,48133,3
-209,765,48152,4
-1104,766,48231,4
-594,767,48263,3
118,768,48297,4
-454,769,48391,4
528,770,48535,5
-426,771,48563,3
-34,772,48628,4
128,773,48694,5
496,774,48738,5
-4,775,48800,4
-2583,776,49124,4
594,777,49157,4
-809,778,49248,3
-702,779,49293,3
-305,780,49316,3
-455,781,49339,3
-235,782,49438,4
-1049,783,49549,3
92,784,49625,5
-333,785,49681,4
174,786,49707,4
-1400,787,49841,4
-728,788,49894,3
659,789,50000,5
-943,790,50097,4
131,791,50197,4
-928,792,50297,3
371,793,50346,4
-604,794,50374,3
-672,795,50532,4
-203,796,50643,4
-478,797,50668,3
-1105,798,50718,3
-607,799,50825,4
-1217,800,50856,3
-1307,801,50980,4
-864,802,50993,3
418,803,51045,5
-1482,804,51130,3
-1087,805,51223,4
-672,806,51263,3
-1203,807,51294,3
-568,808,51342,3
-1273,809,51389,3
329,810,51515,5
808,811,51563,5
-174,812,51684,4
-1419,813,51737,3
-886,814,51782,3
-1915,815,51838,3
-841,816,51880,3
-1294,817,51988,3
-316,818,52110,4
-1515,819,52205,3
639,820,52298,6
-463,821,52335,4
530,822,52442,5
-842,823,52479,3
-938,824,52733,5
-717,825,52795,3
-1250,826,52871,3
-454,827,52903,3
-569,828,52929,3
939,829,53011,5
-492,830,53113,4
-970,831,53145,3
-1357,832,53196,3
-750,833,53249,3
-820,834,53281,3
-826,835,53314,3
-1195,836,53376,3
-770,837,53412,3
-915,838,53438,3
-708,839,53463,3
39,840,53520,4
-610,841,53649,4
-490,842,53685,3
21,843,53757,4
599,844,53823,5
153,845,53879,4
-707,846,53913,3
-468,847,53961,3
144,848,54008,4
-250,849,54021,3
686,850,54064,5
-2057,851,54170,3
234,852,54223,4
-812,853,54239,3
-469,854,54335,4
163,855,54399,4
-575,856,54476,4
-983,857,54559,4
939,858,54610,5
-596,859,54733,5
-352,860,54754,3
-1475,861,54824,3
-1012,862,54895,4
-990,863,54947,3
-189,864,55034,4
-556,865,55061,4
-1223,866,55172,3
-2411,867,55335,3
-1120,868,55719,6
-38,869,55743,4
827,870,55800,5
359,871,55848,4
37,872,55896,4
-1173,873,55917,3
-726,874,55962,3
-315,875,55976,3
-1389,876,56035,3
49,877,56075,4
485,878,56090,4
-898,879,56186,4
974,880,56221,5
-1008,881,56339,4
-1032,882,56392,3
-113,883,56452,4
-907,884,56506,3
-646,885,56543,3
-395,886,56596,4
-374,887,56613,3
-680,888,56748,4
772,889,56924,7
-2374,890,57053,3
19,891,57113,4
-2047,892,57218,3
-66,893,57289,4
826,894,57341,5
-304,895,57406,4
863,896,57435,5
-499,897,57535,4
-941,898,57570,3
-630,899,57630,3
-658,900,57691,3
230,901,57757,4
-877,902,57839,3
-1408,903,57885,3
910,904,57957,5
-874,905,58047,4
768,906,58086,5
27,907,58144,5
-310,908,58156,3
-856,909,58196,3
-1096,910,58228,3
353,911,58252,4
328,912,58306,5
78,913,58436,6
-968,914,58513,3
45,915,58541,4
-693,916,58641,4
-669,917,58664,3
-1113,918,58751,3
-592,919,58804,3
203,920,58836,4
-285,921,58868,4
172,922,58918,4
-579,923,58987,4
-827,924,59034,3
-580,925,59059,3
921,926,59104,5
-406,927,59202,4
184,928,59277,4
222,929,59324,4
-730,930,59490,4
912,931,59541,5
705,932,59599,5
-974,933,59670,4
-838,934,59686,3
-734,935,59751,3
-1088,936,59784,3
-10,937,59833,4
-414,938,59845,3
-332,939,59944,4
26,940,59985,4
-184,941,60024,4
-708,942,60142,4
-203,943,60270,4
-423,944,60289,3
207,945,60357,4
-953,946,60449,4
-1099,947,60569,4
-693,948,60650,4
-516,949,60707,3
-30,950,60816,4
179,951,60857,4
-1114,952,60874,3
-214,953,60923,4
487,954,60985,5
-705,955,61031,3
231,956,61105,5
-528,957,61141,3
-47,958,61165,4
-1437,959,61299,3
-143,960,61347,4
449,961,61425,5
-212,962,61563,4
-1737,963,61774,3
-405,964,61858,4
-827,965,61900,3
-1163,966,62011,4
-739,967,62045,3
-554,968,62066,3
-825,969,62127,4
381,970,62237,5
123,971,62345,4
310,972,62399,5
-204,973,62522,4
-56,974,62571,4
-783,975,62647,4
-1112,976,62873,4
-161,977,62991,5
-668,978,63027,3
-581,979,63066,3
246,980,63144,4
163,981,63173,4
-176,982,63234,4
-183,983,63314,4
-267,984,63329,3
-847,985,63444,4
-1787,986,63521,3
-544,987,63551,4
421,988,63591,4
367,989,63756,5
70,990,63794,4
-649,991,63833,3
-146,992,63943,4
975,993,63980,5
-778,994,64081,4
1018,995,64142,5
-1232,996,64238,3
667,997,64286,5
-644,998,64342,3
-232,999,64358,3
20,1000,64403,4
-330,1001,64419,3
-397,1002,64445,3
392,1003,64458,4
721,1004,64524,5
551,1005,64622,6
-1746,1006,64767,4
-808,1007,64828,3
-124,1008,64907,4
-989,1009,64922,3
-775,1010,64988,3
-665,1011,65054,3
-734,1012,65109,4
508,1013,65159,4
-209,1014,65186,4
-678,1015,65243,3
-702,1016,65263,3
-1985,1017,65353,3
-352,1018,65373,3
763,1019,65447,5
-610,1020,65479,3
-284,1021,65496,3
306,1022,65525,4
-1103,1023,65584,3
-473,1024,65675,4
736,1025,65724,5
-607,1026,65766,3
-63,1027,65850,4
-162,1028,65931,4
-754,1029,65948,3
-493,1030,65999,3
-350,1031,66058,4
-960,1032,66078,3
192,1033,66092,4
-1001,1034,66165,4
-823,1035,66192,3
13,1036,66248,4
-971,1037,66295,3
308,1038,66363,5
-711,1039,66464,4
-1614,1040,66541,3
-681,1041,66564,3
571,1042,66597,5
761,1043,66645,5
-702,1044,66666,3
940,1045,66729,5
174,1046,66832,5
-54,1047,66914,4
426,1048,66997,5
-1574,1049,67122,3
287,1050,67153,4
-865,1051,67227,3
-355,1052,67275,4
-814,1053,67356,3
-388,1054,67373,3
-3,1055,67417,4
414,1056,67484,5
-540,1057,67509,3
-366,1058,67583,4
-776,1059,67611,3
-807,1060,67688,4
-228,1061,67782,4
-520,1062,67811,3
232,1063,67858,4
88,1064,67885,4
33,1065,67934,4
-394,1066,67968,4
-445,1067,68006,3
499,1068,68038,5
113,1069,68094,4
-865,1070,68129,3
-1126,1071,68154,3
-1007,1072,68205,3
-505,1073,68227,3
-477,1074,68445,5
-52,1075,68496,4
-559,1076,68522,3
584,1077,68674,5
-853,1078,68749,3
-747,1079,68827,3
-658,1080,68864,3
-374,1081,68904,3
-1117,1082,68942,3
138,1083,68992,4
597,1084,69030,5
-1149,1085,69092,3
849,1086,69192,6
407,1087,69224,4
980,1088,69279,5
-1556,1089,69420,3
-1043,1090,69475,3
-1084,1091,69524,3
-377,1092,69580,4
-1864,1093,69645,3
-514,1094,69837,5
749,1095,69911,5
-1706,1096,69964,3
-493,1097,70104,4
-1043,1098,70231,3
-787,1099,70305,3
-1627,1100,70396,3
-602,1101,70462,4
12,1102,70509,4
-976,1103,70554,3
-470,1104,70570,3
-1698,1105,70663,3
-568,1106,70724,3
-153,1107,70756,4
-1296,1108,70793,3
-584,1109,70906,4
-731,1110,70928,3
-831,1111,70990,3
-611,1112,71036,3
-995,1113,71062,3
-644,1114,71086,3
-504,1115,71110,3
325,1116,71224,5
-125,1117,71319,4
-814,1118,71364,3
-240,1119,71431,4
-405,1120,71490,4
-862,1121,71514,3
608,1122,71555,5
-451,1123,71578,3
-481,1124,71617,4
1261,1125,71672,6
355,1126,71704,4
25,1127,71725,4
641,1128,71798,5
-341,1129,71829,3
-451,1130,71852,3
-411,1131,71979,4
-543,1132,72037,3
675,1133,72066,5
706,1134,72121,5
-348,1135,72137,3
682,1136,72192,5
-956,1137,72252,3
-490,1138,72305,3
-924,1139,72322,3
-177,1140,72369,4
-894,1141,72547,4
-515,1142,72600,4
-801,1143,72741,4
-439,1144,72768,3
224,1145,72884,5
-615,1146,72934,3
356,1147,72973,4
-993,1148,73019,3
-521,1149,73073,3
-1374,1150,73169,3
-535,1151,73426,5
-486,1152,73470,3
-1368,1153,73598,4
-532,1154,73631,3
1118,1155,73659,5
-580,1156,73675,3
-7,1157,73751,4
-799,1158,73834,3
-765,1159,73912,3
565,1160,74002,5
-258,1161,74015,3
-492,1162,74028,3
-275,1163,74047,3
-914,1164,74092,3
-2147,1165,74174,3
-556,1166,74231,4
-1253,1167,74274,3
854,1168,74322,5
-569,1169,74430,4
-1406,1170,74466,3
-120,1171,74491,4
-267,1172,74513,3
-1006,1173,74573,3
-418,1174,74601,3
-440,1175,74626,3
-127,1176,74698,4
-495,1177,74763,4
964,1178,74795,5
629,1179,74861,5
-666,1180,75004,4
-555,1181,75030,3
-399,1182,75056,3
-830,1183,75085,3
-571,1184,75124,3
-369,1185,75151,3
-1480,1186,75247,3
-542,1187,75272,3
-428,1188,75293,3
-134,1189,75409,5
-593,1190,75440,3
-44,1191,75506,4
159,1192,75606,4
-1201,1193,75708,4
-162,1194,75742,4
-800,1195,75794,3
-637,1196,75975,4
450,1197,76019,5
-1283,1198,76090,3
-338,1199,76165,4
-1188,1200,76217,3
-668,1201,76233,3
-553,1202,76259,3
-579,1203,76364,4
-1016,1204,76401,3
-1615,1205,76455,3
1005,1206,76501,5
56,1207,76527,4
412,1208,76644,5
-819,1209,76718,3
39,1210,76814,4
-775,1211,76849,3
-433,1212,76895,3
599,1213,76917,5
-1092,1214,76966,3
1380,1215,77007,6
-625,1216,77046,3
-749,1217,77072,3
795,1218,77145,5
-485,1219,77180,3
773,1220,77265,5
769,1221,77322,5
733,1222,77371,5
244,1223,77497,5
-557,1224,77555,3
-515,1225,77594,3
-1155,1226,77724,3
-346,1227,77740,3
-691,1228,77803,3
483,1229,77880,5
-598,1230,78013,4
-86,1231,78058,4
-459,1232,78096,3
793,1233,78225,5
-1046,1234,78306,3
-784,1235,78375,3
-580,1236,78427,3
745,1237,78486,5
-357,1238,78497,3
-529,1239,78551,3
-324,1240,78605,4
857,1241,78645,5
97,1242,78697,4
-513,1243,78724,3
-1197,1244,78747,3
-1015,1245,78834,3
-964,1246,78859,3
-312,1247,78960,4
-40,1248,79034,4
-822,1249,79164,4
1089,1250,79201,5
-460,1251,79233,3
-425,1252,79247,3
-643,1253,79285,3
474,1254,79352,4
-157,1255,79396,4
-232,1256,79416,3
-489,1257,79434,3
-329,1258,79498,4
238,1259,79609,5
-887,1260,79695,3
-388,1261,79712,3
-725,1262,79727,3
587,1263,79790,4
-794,1264,79887,3
805,1265,79904,5
-115,1266,80032,4
-336,1267,80115,4
773,1268,80168,5
-582,1269,80213,3
-156,1270,80371,5
-677,1271,80389,3
-689,1272,80452,4
30,1273,80486,4
383,1274,80554,4
-530,1275,80616,4
-549,1276,80634,3
-1533,1277,80683,3
-413,1278,80786,4
1239,1279,80824,5
775,1280,80877,5
1314,1281,80925,6
-297,1282,80935,3
-1169,1283,81090,3
-823,1284,81168,4
-622,1285,81185,3
-746,1286,81253,3
-584,1287,81297,3
-789,1288,81331,3
-665,1289,81409,4
-1129,1290,81528,3
749,1291,81574,5
495,1292,81659,5
-125,1293,81751,4
312,1294,81797,4
-636,1295,81841,3
-225,1296,81855,3
-324,1297,81871,3
-526,1298,81940,3
-628,1299,81973,3
-1000,1300,82057,3
288,1301,82160,5
-716,1302,82228,3
-651,1303,82381,4
268,1304,82507,5
-326,1305,82523,3
-542,1306,82552,3
-715,1307,82602,3
754,1308,82641,5
1263,1309,82665,6
916,1310,82740,5
522,1311,82804,5
-214,1312,83004,5
-405,1313,83164,4
-436,1314,83189,3
-1063,1315,83331,3
-237,1316,83378,4
-388,1317,83399,3
-590,1318,83436,3
-1064,1319,83588,3
-1198,1320,83938,5
745,1321,84039,5
-201,1322,84053,3
152,1323,84115,4
-198,1324,84172,4
652,1325,84264,5
-194,1326,84370,4
-614,1327,84387,3
1791,1328,84470,6
758,1329,84521,5
-441,1330,84539,3
-360,1331,84552,3
-789,1332,84570,3
-107,1333,84604,4
-1469,1334,84667,3
71,1335,84739,4
127,1336,84780,4
426,1337,84841,4
559,1338,84960,5
-2097,1339,85029,3
-758,1340,85106,3
23,1341,85170,4
13,1342,85336,5
520,1343,85439,5
288,1344,85473,4
-782,1345,85557,3
685,1346,85634,5
-517,1347,85681,4
43,1348,85842,5
-355,1349,85853,3
-408,1350,85870,3
606,1351,85893,5
-623,1352,85915,3
594,1353,85946,4
219,1354,86078,5
-153,1355,86203,5
-445,1356,86234,3
74,1357,86374,5
-552,1358,86402,3
-260,1359,86476,4
56,1360,86558,4
-484,1361,86575,3
544,1362,86683,5
-382,1363,86737,4
-245,1364,86748,3
171,1365,86775,4
-543,1366,86801,3
-45,1367,86865,4
989,1368,86928,5
397,1369,86995,4
-334,1370,87011,3
260,1371,87081,4
-115,1372,87160,4
-476,1373,87197,3
-806,1374,87266,3
-568,1375,87412,4
-49,1376,87661,5
1040,1377,87692,5
689,1378,87776,5
-313,1379,87802,3
-333,1380,87816,3
147,1381,87852,4
-229,1382,87919,4
-845,1383,87965,3
533,1384,88090,5
-635,1385,88149,3
1040,1386,88255,6
-825,1387,88282,3
-1269,1388,88428,3
281,1389,88459,5
-1005,1390,88513,3
-393,1391,88624,4
-1213,1392,88682,3
-195,1393,88758,4
-383,1394,88788,3
-372,1395,88817,3
634,1396,88872,5
-734,1397,88933,3
1229,1398,89030,6
581,1399,89104,5
-384,1400,89185,4
-367,1401,89211,3
-675,1402,89238,3
-390,1403,89258,3
-426,1404,89291,3
393,1405,89364,5
-319,1406,89378,3
929,1407,89429,5
-14,1408,89498,4
-285,1409,89593,4
30,1410,89616,4
750,1411,89699,5
-1075,1412,89738,3
752,1413,89789,5
1244,1414,89858,5
-510,1415,89890,3
-123,1416,89924,4
241,1417,90002,5
-510,1418,90019,3
-268,1419,90144,4
-637,1420,90171,3
-728,1421,90219,3
559,1422,90259,5
-967,1423,90476,4
2,1424,90530,4
-622,1425,90551,3
723,1426,90616,5
-25,1427,90679,4
443,1428,90765,5
903,1429,90797,5
-292,1430,90819,4
822,1431,90891,5
-1088,1432,90924,3
904,1433,90995,5
677,1434,91056,5
-509,1435,91083,3
-387,1436,91105,3
1343,1437,91155,6
66,1438,91217,4
241,1439,91253,5
539,1440,91337,5
-807,1441,91415,3
-396,1442,91436,3
1036,1443,91469,5
-816,1444,91558,3
-318,1445,91570,3
-1044,1446,91726,3
-536,1447,91908,4
-459,1448,92058,4
-345,1449,92085,3
-1111,1450,92160,3
742,1451,92194,5
-593,1452,92244,3
-29,1453,92280,5
560,1454,92367,5
501,1455,92406,4
-546,1456,92450,3
1155,1457,92500,5
-297,1458,92510,3
-273,1459,92616,4
37,1460,92687,4
-639,1461,92730,3
-604,1462,92861,4
162,1463,92882,4
511,1464,93029,5
1030,1465,93107,6
-484,1466,93140,3
-25,1467,93188,4
-276,1468,93245,4
419,1469,93318,5
-860,1470,93363,3
666,1471,93486,5
751,1472,93582,5
-681,1473,93604,3
-1013,1474,93691,4
431,1475,93768,4
-667,1476,93811,3
-193,1477,93930,4
-610,1478,93959,3
407,1479,93984,4
-650,1480,94090,4
-514,1481,94111,3
-694,1482,94201,4
-398,1483,94233,3
-728,1484,94258,3
-675,1485,94350,4
-73,1486,94409,4
567,1487,94479,5
169,1488,94516,4
-480,1489,94529,3
556,1490,94591,5
145,1491,94692,5
-343,1492,94711,3
620,1493,94774,5
-524,1494,94798,3
-414,1495,94819,3
628,1496,94871,5
-383,1497,94906,3
-539,1498,95023,4
-549,1499,95058,3
1182,1500,95101,5
-430,1501,95134,3
-200,1502,95146,3
-511,1503,95165,3
-202,1504,95177,3
-293,1505,95244,4
-395,1506,95270,3
348,1507,95382,5
-571,1508,95444,3
-737,1509,95592,4
-486,1510,95609,3
-302,1511,95621,3
506,1512,95681,5
622,1513,95745,5
-250,1514,95769,3
-462,1515,95789,3
-547,1516,95807,3
504,1517,95981,6
-1109,1518,96108,4
773,1519,96137,4
353,1520,96260,5
762,1521,96345,5
972,1522,96393,5
549,1523,96538,5
-881,1524,96624,3
362,1525,96761,6
760,1526,96850,5
503,1527,96905,5
-431,1528,96919,3
-457,1529,96954,4
-297,1530,96964,3
342,1531,97021,5
-46,1532,97051,4
325,1533,97093,5
335,1534,97109,4
575,1535,97145,4
-55,1536,97224,4
679,1537,97314,5
-477,1538,97336,3
-356,1539,97361,3
307,1540,97421,4
52,1541,97495,4
-480,1542,97508,3
586,1543,97583,5
760,1544,97647,5
413,1545,97776,5
711,1546,97862,5
581,1547,97892,5
1361,1548,97959,5
-881,1549,97998,3
-659,1550,98021,3
387,1551,98118,5
-635,1552,98137,3
-432,1553,98189,3
-584,1554,98233,3
-650,1555,98289,3
-198,1556,98342,4
688,1557,98386,5
124,1558,98460,4
423,1559,98501,4
-1966,1560,98652,4
-660,1561,98668,3
263,1562,98774,5
553,1563,98823,5
554,1564,98938,5
308,1565,99027,5
-384,1566,99044,3
-347,1567,99062,3
-568,1568,99082,3
-648,1569,99115,3
-482,1570,99152,3
-935,1571,99336,4
-1002,1572,99437,3
-503,1573,99467,3
-333,1574,99494,3
-505,1575,99533,3
-1202,1576,99630,3
1030,1577,99666,5
-770,1578,99792,4
-444,1579,99824,3
397,1580,99875,4
-408,1581,99903,3
-289,1582,99918,3
436,1583,99965,4
350,1584,100058,5
-249,1585,100069,3
768,1586,100165,5
-683,1587,100188,3
-812,1588,100216,3
759,1589,100306,5
-734,1590,100351,3
1000,1591,100402,5
-431,1592,100452,3
-189,1593,100531,4
-757,1594,100550,3
307,1595,100575,4
924,1596,100624,5
-745,1597,100683,3
-170,1598,100733,4
921,1599,100790,5
418,1600,100816,4
637,1601,100878,5
292,1602,100948,4
-781,1603,100990,3
-273,1604,101005,3
-1359,1605,101025,3
1245,1606,101114,5
334,1607,101191,5
727,1608,101245,5
374,1609,101275,4
56,1610,101313,4
-1523,1611,101390,4
-489,1612,101421,3
-516,1613,101458,3
1591,1614,101543,6
-775,1615,101618,3
955,1616,101694,5
649,1617,101737,5
1395,1618,101807,6
402,1619,101866,4
568,1620,101942,5
233,1621,101975,4
795,1622,102032,5
1266,1623,102092,6
516,1624,102136,5
-249,1625,102189,4
81,1626,102308,5
-402,1627,102363,4
48,1628,102567,5
-406,1629,102600,4
-355,1630,102611,3
-304,1631,102623,3
322,1632,102646,4
734,1633,102691,5
-614,1634,102715,3
219,1635,102766,4
136,1636,102832,4
-369,1637,102854,3
-1767,1638,102965,4
-254,1639,102978,3
146,1640,103062,4
1126,1641,103139,5
577,1642,103224,5
-25,1643,103276,4
594,1644,103348,5
658,1645,103403,5
-13,1646,103582,6
-710,1647,103660,4
-783,1648,103686,3
764,1649,103745,5
-788,1650,103813,3
1591,1651,103858,6
1521,1652,103974,7
-400,1653,103995,3
-618,1654,104055,3
-476,1655,104088,3
221,1656,104119,4
-478,1657,104197,4
1019,1658,104316,6
788,1659,104372,5
-447,1660,104456,4
-1020,1661,104508,3
1182,1662,104543,5
454,1663,104615,5
107,1664,104788,5
-649,1665,104847,4
208,1666,104888,4
-407,1667,104903,3
333,1668,104971,4
1007,1669,105012,5
613,1670,105039,4
-245,1671,105050,3
-1057,1672,105136,3
871,1673,105197,5
-844,1674,105221,3
2100,1675,105268,7
-245,1676,105279,3
1360,1677,105402,6
-1400,1678,105524,4
1381,1679,105619,6
843,1680,105709,5
-559,1681,105748,3
1826,1682,105787,6
61,1683,105831,4
974,1684,105901,5
84,1685,105988,4
-389,1686,106010,3
754,1687,106066,5
272,1688,106158,5
-453,1689,106192,3
380,1690,106222,4
360,1691,106364,5
-963,1692,106402,3
619,1693,106454,4
-773,1694,106516,3
-366,1695,106544,3
-92,1696,106631,4
183,1697,106679,4
295,1698,106726,4
591,1699,106831,5
63,1700,106848,4
-112,1701,106882,4
-1428,1702,107026,3
454,1703,107059,4
532,1704,107159,5
-152,1705,107202,4
-268,1706,107432,5
-49,1707,107480,4
-317,1708,107572,4
932,1709,107620,5
300,1710,107681,4
197,1711,107720,4
827,1712,107789,5
-419,1713,107803,3
-336,1714,107824,3
1021,1715,107875,5
956,1716,107928,5
819,1717,108006,5
3,1718,108041,4
738,1719,108116,5
609,1720,108178,5
247,1721,108288,5
577,1722,108366,5
1088,1723,108455,5
817,1724,108500,5
954,1725,108560,5
75,1726,108576,4
198,1727,108589,4
420,1728,108643,4
-99,1729,108703,4
-763,1730,108753,4
-537,1731,108800,3
1069,1732,108858,5
208,1733,108907,4
-302,1734,108919,3
-760,1735,108940,3
-483,1736,108982,3
717,1737,109095,5
939,1738,109172,5
-392,1739,109189,3
-366,1740,109209,3
-563,1741,109309,4
-449,1742,109327,3
-421,1743,109353,3
-531,1744,109383,3
-394,1745,109400,3
-228,1746,109483,4
-90,1747,109510,4
-787,1748,109533,3
586,1749,109583,4
-468,1750,109607,3
462,1751,109746,5
-683,1752,109785,3
-626,1753,109857,3
-501,1754,109923,3
269,1755,109982,4
-98,1756,110099,4
1111,1757,110141,5
-345,1758,110164,3
-208,1759,110176,3
374,1760,110270,5
177,1761,110306,4
-39,1762,110349,5
727,1763,110390,5
1070,1764,110429,5
1654,1765,110501,6
1398,1766,110551,6
-302,1767,110563,3
1253,1768,110637,6
763,1769,110659,5
-966,1770,110699,3
752,1771,110748,5
18,1772,110819,4
-514,1773,110847,3
829,1774,110895,5
78,1775,111051,5
-490,1776,111092,3
-744,1777,111128,3
-321,1778,111142,3
450,1779,111229,5
846,1780,111298,5
1126,1781,111442,6
592,1782,111512,4
1538,1783,111596,6
1098,1784,111663,5
742,1785,111691,5
635,1786,111765,5
1884,1787,111809,6
767,1788,111893,5
1021,1789,111910,5
-925,1790,111971,4
-650,1791,112019,3
-176,1792,112068,4
-436,1793,112105,3
1394,1794,112169,6
-801,1795,112191,3
703,1796,112244,5
1329,1797,112264,6
987,1798,112325,5
514,1799,112408,5
-253,1800,112419,3
1686,1801,112464,6
-49,1802,112545,4
1535,1803,112602,6
-32,1804,112696,4
942,1805,112743,5
764,1806,112855,5
384,1807,112893,4
-699,1808,112915,3
-414,1809,112927,3
-217,1810,112941,3
-540,1811,112957,3
152,1812,113015,4
-464,1813,113056,3
872,1814,113101,5
56,1815,113131,4
-371,1816,113183,4
-635,1817,113304,4
592,1818,113344,5
693,1819,113412,5
2239,1820,113521,7
249,1821,113565,4
520,1822,113689,5
-527,1823,113740,3
596,1824,113815,5
591,1825,113872,5
917,1826,113927,5
-96,1827,114014,4
-704,1828,114047,3
-732,1829,114087,3
-46,1830,114129,4
856,1831,114156,5
1379,1832,114288,7
-542,1833,114313,3
-431,1834,114336,3
584,1835,114365,4
-3,1836,114434,4
766,1837,114459,5
196,1838,114497,4
-470,1839,114525,3
332,1840,114607,4
523,1841,114704,5
-751,1842,114738,3
-1021,1843,114999,4
499,1844,115088,5
113,1845,115147,4
599,1846,115191,4
1010,1847,115260,5
894,1848,115304,5
216,1849,115387,4
-114,1850,115484,4
408,1851,115506,4
581,1852,115527,4
-827,1853,115605,3
-414,1854,115617,3
338,1855,115695,4
-366,1856,115708,3
851,1857,115741,5
797,1858,115873,5
738,1859,115912,5
575,1860,115950,5
781,1861,115972,5
-1143,1862,116026,3
1317,1863,116066,6
-537,1864,116137,3
1235,1865,116179,5
-769,1866,116202,3
408,1867,116270,5
1071,1868,116308,5
-362,1869,116336,4
696,1870,116378,5
-789,1871,116396,3
-522,1872,116424,3
260,1873,116470,4
701,1874,116555,5
651,1875,116647,5
682,1876,116696,4
858,1877,116748,5
1545,1878,116794,6
-73,1879,116862,4
-801,1880,116928,3
992,1881,116995,5
1147,1882,117051,5
656,1883,117102,5
217,1884,117224,5
495,1885,117381,5
-936,1886,117502,3
1503,1887,117549,5
-396,1888,117578,3
59,1889,117649,4
-484,1890,117702,3
780,1891,117756,5
2079,1892,117868,7
95,1893,117936,4
-295,1894,117955,3
-444,1895,117999,3
-866,1896,118039,3
-1110,1897,118167,3
-403,1898,118197,3
549,1899,118242,4
-402,1900,118278,3
191,1901,118326,4
1152,1902,118376,5
772,1903,118435,5
201,1904,118546,4
728,1905,118590,5
672,1906,118689,5
1254,1907,118739,5
704,1908,118835,5
541,1909,118863,4
-954,1910,118895,3
-502,1911,118927,3
538,1912,118990,5
55,1913,119062,4
-38,1914,119135,4
63,1915,119191,4
979,1916,119257,5
-589,1917,119279,3
877,1918,119325,5
-59,1919,119389,4
1684,1920,119518,6
-1273,1921,119715,4
-579,1922,119745,3
863,1923,119823,5
-788,1924,119892,3
-803,1925,119954,3
699,1926,120068,5
-297,1927,120078,3
209,1928,120203,5
343,1929,120260,4
458,1930,120350,4
667,1931,120416,5
-474,1932,120429,3
1096,1933,120489,6
1146,1934,120577,5
548,1935,120619,4
415,1936,120687,5
1089,1937,120724,5
94,1938,120762,4
486,1939,120842,5
1338,1940,120892,5
1095,1941,120978,5
989,1942,121094,5
469,1943,121138,4
1180,1944,121190,5
-426,1945,121206,3
453,1946,121240,5
330,1947,121287,4
1614,1948,121349,6
-362,1949,121369,3
-694,1950,121453,3
1284,1951,121481,5
-386,1952,121583,4
553,1953,121614,4
935,1954,121687,5
-517,1955,121737,3
1224,1956,121772,5
29,1957,121856,4
262,1958,121917,4
228,1959,121956,4
1126,1960,122000,5
1042,1961,122053,5
149,1962,122129,4
-298,1963,122154,3
-690,1964,122179,3
251,1965,122203,4
-287,1966,122218,3
866,1967,122262,5
-833,1968,122300,3
176,1969,122398,4
985,1970,122455,5
843,1971,122505,5
761,1972,122597,5
-338,1973,122622,3
-277,1974,122641,3
1302,1975,122686,5
-500,1976,122710,3
753,1977,122788,5
971,1978,122832,5
622,1979,122995,5
678,1980,123021,4
579,1981,123071,5
-419,1982,123085,3
1123,1983,123133,5
318,1984,123166,4
1810,1985,123202,6
1165,1986,123240,5
961,1987,123278,5
174,1988,123328,4
-418,1989,123438,4
-763,1990,123481,3
-540,1991,123509,3
-978,1992,123582,3
-853,1993,123693,3
-616,1994,123717,3
-265,1995,123830,4
677,1996,123913,5
-200,1997,123925,3
842,1998,123956,5
374,1999,124092,5
770,2000,124119,5
668,2001,124137,5
703,2002,124171,5
1139,2003,124222,5
72,2004,124340,4
1039,2005,124366,5
851,2006,124440,5
-713,2007,124518,3
-1045,2008,124706,4
-226,2009,124796,4
136,2010,124821,4
-470,2011,124854,3
313,2012,124931,4
-809,2013,124989,3
904,2014,125049,5
-746,2015,125082,3
319,2016,125145,5
803,2017,125219,5
407,2018,125370,5
-86,2019,125409,4
747,2020,125427,5
606,2021,125519,5
33,2022,125594,4
-459,2023,125616,3
723,2024,125732,5
589,2025,125902,5
264,2026,125971,4
164,2027,126034,4
-1104,2028,126131,3
-1138,2029,126200,3
699,2030,126275,5
1189,2031,126329,5
1240,2032,126412,6
-527,2033,126439,3
861,2034,126486,5
958,2035,126577,5
-506,2036,126594,3
1037,2037,126643,5
1009,2038,126709,5
319,2039,126749,4
-202,2040,126832,4
-423,2041,126847,3
747,2042,126899,4
-1054,2043,126975,3
-712,2044,127040,3
-641,2045,127086,3
-405,2046,127101,3
585,2047,127272,6
-304,2048,127289,3
3116,2049,127381,8
863,2050,127464,5
1397,2051,127523,6
-184,2052,127664,4
-649,2053,127710,3
-448,2054,127730,3
-1099,2055,127812,3
-933,2056,127866,3
-486,2057,127972,4
-1569,2058,128028,3
-474,2059,128041,3
461,2060,128196,5
296,2061,128211,4
-1104,2062,128280,3
2010,2063,128352,6
370,2064,128373,4
1137,2065,128422,5
839,2066,128519,5
529,2067,128564,4
1209,2068,128613,5
1542,2069,128684,6
1402,2070,128710,6
-163,2071,128795,5
1202,2072,128875,5
751,2073,128911,4
-598,2074,128939,3
-777,2075,129009,3
-1439,2076,129203,3
-360,2077,129227,3
33,2078,129346,4
-858,2079,129418,4
-554,2080,129510,3
763,2081,129546,4
111,2082,129599,4
520,2083,129628,4
35,2084,129803,5
406,2085,129821,4
1015,2086,129870,5
454,2087,130022,5
305,2088,130098,4
-857,2089,130156,3
-136,2090,130333,5
-414,2091,130354,3
-224,2092,130420,4
-385,2093,130532,4
154,2094,130598,4
-748,2095,130619,3
690,2096,130657,4
-267,2097,130672,3
-260,2098,130685,3
252,2099,130747,4
-249,2100,130848,4
979,2101,130893,5
-409,2102,130947,3
1515,2103,130986,6
192,2104,131057,4
-434,2105,131109,3
-798,2106,131174,3
-441,2107,131221,3
-482,2108,131246,3
2531,2109,131385,8
-535,2110,131399,3
-122,2111,131514,5
172,2112,131572,4
-623,2113,131590,3
-297,2114,131600,3
-488,2115,131613,3
375,2116,131633,4
550,2117,131740,5
-494,2118,131757,3
420,2119,131870,4
1061,2120,131931,5
488,2121,131974,5
-271,2122,131989,3
14,2123,132066,4
-801,2124,132140,3
646,2125,132235,5
732,2126,132322,5
455,2127,132355,4
-715,2128,132417,3
366,2129,132455,4
-1458,2130,132715,3
1440,2131,132847,6
1587,2132,132906,6
23,2133,132986,4
857,2134,133049,5
-548,2135,133098,3
835,2136,133175,5
-407,2137,133194,3
-435,2138,133217,3
155,2139,133248,4
-520,2140,133308,3
-515,2141,133338,3
1213,2142,133382,5
2359,2143,133507,7
-434,2144,133523,3
914,2145,133603,5
-273,2146,133701,5
-523,2147,133720,3
793,2148,133752,5
-863,2149,133920,4
-245,2150,133931,3
-837,2151,133957,3
550,2152,134069,5
-556,2153,134081,3
1655,2154,134170,7
-622,2155,134219,3
663,2156,134295,5
1271,2157,134338,5
-129,2158,134477,4
-504,2159,134534,3
74,2160,134657,5
-554,2161,134701,3
-877,2162,134800,3
734,2163,134883,5
-553,2164,134901,3
1142,2165,134952,5
131,2166,134992,4
348,2167,135063,4
1185,2168,135105,5
197,2169,135139,4
1840,2170,135177,6
2196,2171,135283,6
262,2172,135357,4
1276,2173,135479,6
1312,2174,135530,5
-32,2175,135559,4
109,2176,135604,4
-273,2177,135806,5
201,2178,135842,4
-978,2179,135995,3
58,2180,136037,4
418,2181,136086,4
-474,2182,136099,3
1536,2183,136173,6
-953,2184,136247,3
-753,2185,136266,3
383,2186,136310,4
153,2187,136334,4
877,2188,136479,5
1123,2189,136541,5
1252,2190,136652,6
1477,2191,136746,6
-487,2192,136883,4
-867,2193,136962,3
73,2194,137010,4
-597,2195,137025,3
-822,2196,137066,3
-607,2197,137112,3
-262,2198,137125,3
-981,2199,137270,4
3059,2200,137367,7
-834,2201,137407,3
-638,2202,137435,3
494,2203,137514,5
392,2204,137634,5
-1412,2205,137706,3
-364,2206,137719,3
-291,2207,137749,3
-1366,2208,138011,4
-817,2209,138033,3
-507,2210,138059,3
-287,2211,138078,3
-243,2212,138096,3
-503,2213,138135,3
437,2214,138203,4
-521,2215,138226,3
-1087,2216,138308,3
844,2217,138478,6
24,2218,138504,4
-515,2219,138527,3
-454,2220,138547,3
180,2221,138607,5
-734,2222,138647,3
-590,2223,138720,3
-413,2224,138770,3
736,2225,138866,5
-188,2226,138946,5
1488,2227,139008,6
-810,2228,139114,4
-481,2229,139136,3
-682,2230,139185,3
606,2231,139218,4
-411,2232,139241,3
-475,2233,139255,3
248,2234,139368,5
-475,2235,139382,3
53,2236,139429,4
48,2237,139459,4
143,2238,139487,4
-1169,2239,139699,4
-340,2240,139728,3
-910,2241,139768,3
-282,2242,139785,3
411,2243,139817,4
-179,2244,139896,4
-630,2245,139928,3
-597,2246,139954,3
-724,2247,139971,3
-556,2248,139983,3
904,2249,140023,5
-488,2250,140036,3
-789,2251,140054,3
562,2252,140150,5
-17,2253,140276,5
-1012,2254,140328,3
593,2255,140433,5
-535,2256,140447,3
-372,2257,140471,3
-588,2258,140491,3
-527,2259,140513,3
175,2260,140609,4
-325,2261,140623,3
-611,2262,140649,3
-758,2263,140690,3
-606,2264,140707,3
237,2265,140782,4
-372,2266,140815,3
-689,2267,140829,3
836,2268,140928,5
-671,2269,140946,3
323,2270,140965,4
-152,2271,141039,4
-606,2272,141064,3
3628,2273,141165,8
1614,2274,141194,6
1374,2275,141328,5
1003,2276,141369,5
1445,2277,141402,5
423,2278,141450,4
-372,2279,141603,4
544,2280,141690,5
89,2281,141722,4
-525,2282,141748,3
876,2283,141801,5
627,2284,141875,5
242,2285,142010,5
622,2286,142061,5
-460,2287,142098,3
-603,2288,142116,3
-183,2289,142156,5
652,2290,142189,4
-699,2291,142263,3
-1119,2292,142341,3
1920,2293,142520,7
194,2294,142607,5
188,2295,142654,4
56,2296,142675,4
-433,2297,142705,3
-1435,2298,142828,3
-330,2299,142857,3
89,2300,143047,5
-507,2301,143066,3
-660,2302,143082,3
87,2303,143111,4
-436,2304,143127,3
-853,2305,143181,3
-324,2306,143197,3
828,2307,143237,5
-513,2308,143260,3
-8,2309,143333,4
854,2310,143416,5
-807,2311,143463,3
-655,2312,143567,4
788,2313,143591,5
88,2314,143613,4
53,2315,143661,4
790,2316,143690,4
141,2317,143734,4
47,2318,143832,5
224,2319,143902,4
-465,2320,143957,3
351,2321,144013,4
-918,2322,144152,4
-341,2323,144170,3
-19,2324,144306,4
-615,2325,144364,3
-804,2326,144420,3
-437,2327,144463,3
-855,2328,144542,3
504,2329,144555,4
280,2330,144671,5
-1189,2331,144746,3
652,2332,144772,4
-464,2333,144788,3
-1130,2334,144860,3
-408,2335,144962,4
107,2336,145026,4
680,2337,145069,5
1023,2338,145127,5
-638,2339,145195,3
2978,2340,145274,8
611,2341,145368,5
-407,2342,145499,4
-663,2343,145521,3
-391,2344,145536,3
-517,2345,145562,3
-1053,2346,145738,4
-475,2347,145752,3
-47,2348,145788,4
-384,2349,145825,3
-1090,2350,145925,4
279,2351,145965,4
566,2352,145991,4
1915,2353,146078,6
2388,2354,146187,7
917,2355,146228,5
-682,2356,146419,4
-400,2357,146455,3
-585,2358,146518,3
467,2359,146573,4
-978,2360,146638,3
642,2361,146661,4
59,2362,146696,4
461,2363,146883,5
1192,2364,147003,5
1540,2365,147076,6
1681,2366,147216,6
1565,2367,147294,5
-432,2368,147349,4
424,2369,147399,4
-454,2370,147415,3
-726,2371,147601,5
492,2372,147647,4
-714,2373,147667,3
-652,2374,147739,3
-660,2375,147755,3
-648,2376,147795,3
-35,2377,147835,4
-398,2378,147864,3
293,2379,147989,5
269,2380,148022,4
-389,2381,148044,3
926,2382,148140,5
-248,2383,148160,3
1804,2384,148349,7
-611,2385,148384,3
474,2386,148422,4
995,2387,148463,5
-84,2388,148546,4
305,2389,148611,4
-1676,2390,148713,3
-833,2391,148756,3
-645,2392,148779,3
438,2393,148852,5
423,2394,148965,5
92,2395,149035,4
649,2396,149097,5
2144,2397,149284,9
-759,2398,149338,3
1296,2399,149369,5
-300,2400,149447,5
-866,2401,149511,3
67,2402,149528,4
45,2403,149572,4
-285,2404,149628,4
-671,2405,149659,3
-761,2406,149686,3
821,2407,149826,6
-668,2408,149851,3
-842,2409,149911,3
-94,2410,149954,4
-370,2411,149992,4
-421,2412,150018,3
925,2413,150039,5
232,2414,150134,5
-1688,2415,150198,3
-498,2416,150222,3
-279,2417,150347,5
1061,2418,150390,5
-1037,2419,150574,4
45,2420,150643,4
1414,2421,150730,5
-30,2422,150812,4
-126,2423,150968,5
830,2424,151063,5
-320,2425,151079,3
-1046,2426,151163,3
818,2427,151206,5
1623,2428,151293,5
2458,2429,151448,8
-79,2430,151596,5
-948,2431,151750,4
998,2432,151808,5
-1115,2433,151910,3
-252,2434,151923,3
-1395,2435,151974,3
1204,2436,152010,5
727,2437,152057,4
1289,2438,152087,6
-309,2439,152101,3
989,2440,152153,5
877,2441,152251,5
-211,2442,152265,3
1289,2443,152399,6
-849,2444,152571,4
-1379,2445,152620,3
-432,2446,152636,3
67,2447,152669,4
1010,2448,152713,5
-458,2449,152742,3
1452,2450,152862,6
-644,2451,152922,3
706,2452,152965,5
-1103,2453,153052,3
-934,2454,153088,3
-2344,2455,153299,3
490,2456,153353,4
-1144,2457,153398,3
726,2458,153482,6
-711,2459,153505,3
-982,2460,153538,3
514,2461,153656,6
253,2462,153686,4
597,2463,153723,4
-419,2464,153754,3
810,2465,153860,5
914,2466,153933,5
-660,2467,153969,3
-975,2468,154040,4
-555,2469,154063,3
-1099,2470,154137,3
-292,2471,154306,5
387,2472,154380,5
-644,2473,154401,3
240,2474,154436,5
1183,2475,154591,6
182,2476,154624,4
-502,2477,154645,3
-697,2478,154656,3
458,2479,154727,5
760,2480,154783,4
381,2481,154874,5
1442,2482,154976,6
-556,2483,154988,3
1761,2484,155083,6
-425,2485,155117,3
536,2486,155225,5
1577,2487,155297,6
1030,2488,155342,5
-339,2489,155365,3
487,2490,155438,5
995,2491,155482,5
-840,2492,155550,3
-640,2493,155619,3
-608,2494,155668,3
541,2495,155817,6
-1005,2496,155904,3
-626,2497,155948,3
104,2498,155962,4
-707,2499,156005,3
55,2500,156072,4
2020,2501,156133,6
1005,2502,156158,5
1670,2503,156203,6
1393,2504,156257,5
151,2505,156289,4
855,2506,156307,5
1249,2507,156347,5
2492,2508,156411,8
727,2509,156496,5
282,2510,156542,5
-1200,2511,156698,4
-467,2512,156786,4
-783,2513,156828,3
-435,2514,156931,4
495,2515,156975,4
-381,2516,157002,3
462,2517,157086,5
1789,2518,157174,6
636,2519,157217,5
1520,2520,157296,7
804,2521,157360,5
-591,2522,157382,3
431,2523,157405,4
-157,2524,157458,4
-413,2525,157480,3
969,2526,157575,6
-302,2527,157587,3
1677,2528,157670,6
-716,2529,157740,4
275,2530,157836,4
109,2531,157903,4
-651,2532,157930,3
-952,2533,157970,3
-778,2534,158027,3
-866,2535,158059,3
-494,2536,158072,3
1622,2537,158137,7
-651,2538,158187,3
-645,2539,158214,3
-271,2540,158236,3
873,2541,158269,5
-661,2542,158283,3
-854,2543,158318,4
-610,2544,158347,3
542,2545,158432,5
356,2546,158497,4
324,2547,158553,5
-861,2548,158698,4
-219,2549,158787,4
1276,2550,158829,5
573,2551,158879,5
373,2552,158935,4
-348,2553,158955,3
415,2554,159073,5
-7,2555,159120,4
37,2556,159180,4
-509,2557,159221,4
436,2558,159296,4
1201,2559,159370,5
802,2560,159489,6
874,2561,159556,5
373,2562,159600,4
328,2563,159642,4
1414,2564,159692,6
519,2565,159755,4
184,2566,159860,4
135,2567,159893,4
1496,2568,160025,7
-204,2569,160076,4
-452,2570,160096,3
-560,2571,160182,4
326,2572,160208,4
-47,2573,160336,4
1015,2574,160378,5
832,2575,160407,4
1505,2576,160600,7
617,2577,160625,4
333,2578,160683,5
924,2579,160727,5
578,2580,160770,4
2393,2581,160884,7
-550,2582,160900,3
-715,2583,160934,3
-1,2584,160989,4
-590,2585,161002,3
-741,2586,161033,3
377,2587,161081,4
-448,2588,161097,3
495,2589,161128,4
635,2590,161172,4
-255,2591,161194,3
524,2592,161227,4
-850,2593,161288,3
176,2594,161370,4
-152,2595,161460,4
-659,2596,161527,3
270,2597,161585,4
-455,2598,161624,3
1415,2599,161670,5
-64,2600,161744,4
934,2601,161835,5
839,2602,161864,5
490,2603,161886,4
826,2604,161937,5
598,2605,162007,5
-482,2606,162199,5
293,2607,162303,5
1467,2608,162333,6
1126,2609,162357,5
-384,2610,162374,3
-548,2611,162402,3
1231,2612,162433,5
-671,2613,162503,4
1345,2614,162546,5
925,2615,162574,4
2137,2616,162639,6
243,2617,162699,4
-588,2618,162735,3
-487,2619,162778,3
450,2620,162828,4
497,2621,162861,4
-345,2622,162879,3
-346,2623,163005,4
-447,2624,163081,4
-369,2625,163103,3
-527,2626,163125,3
-345,2627,163143,3
189,2628,163210,4
271,2629,163290,5
751,2630,163318,4
-1576,2631,163372,3
-268,2632,163389,3
1182,2633,163480,5
1453,2634,163630,7
-647,2635,163674,4
176,2636,163708,4
1260,2637,163785,6
681,2638,163802,4
623,2639,163909,5
405,2640,163949,4
-1532,2641,164026,3
1116,2642,164106,5
1533,2643,164145,5
1306,2644,164257,5
1025,2645,164306,5
2263,2646,164373,7
-538,2647,164411,4
-123,2648,164462,4
1052,2649,164521,5
38,2650,164542,4
525,2651,164646,5
1198,2652,164757,6
-878,2653,164794,3
626,2654,164878,5
1204,2655,164974,6
56,2656,165060,4
1359,2657,165106,5
-877,2658,165156,3
-885,2659,165194,3
508,2660,165263,4
411,2661,165304,5
-111,2662,165368,4
-1019,2663,165460,4
1879,2664,165534,7
1523,2665,165626,7
-349,2666,165771,5
-328,2667,165850,5
-550,2668,165903,4
342,2669,165933,4
-351,2670,166013,4
1493,2671,166076,6
-1261,2672,166139,3
1497,2673,166176,6
1722,2674,166277,6
-837,2675,166307,3
322,2676,166433,6
-580,2677,166453,3
-556,2678,166494,3
-885,2679,166536,3
977,2680,166646,6
-150,2681,166676,4
-304,2682,166703,4
-650,2683,166724,3
-527,2684,166743,3
-32,2685,166769,4
-448,2686,166785,3
944,2687,166873,6
-419,2688,166887,3
-1446,2689,166927,3
261,2690,166971,4
-1110,2691,167066,4
1389,2692,167129,5
-803,2693,167211,3
724,2694,167315,5
152,2695,167365,4
1101,2696,167426,5
-1034,2697,167479,3
1365,2698,167572,5
1469,2699,167634,5
2938,2700,167762,7
783,2701,167939,6
-594,2702,167959,3
137,2703,167975,4
792,2704,168023,5
10,2705,168140,5
-529,2706,168163,3
-50,2707,168185,4
-285,2708,168211,4
-471,2709,168234,3
452,2710,168269,4
321,2711,168325,4
1705,2712,168392,6
47,2713,168420,4
959,2714,168451,5
36,2715,168474,4
1510,2716,168531,5
1384,2717,168568,5
2286,2718,168659,6
-76,2719,168709,4
216,2720,168747,4
-1116,2721,168805,3
214,2722,168935,5
-308,2723,168956,3
-394,2724,168973,3
-1525,2725,169012,3
81,2726,169073,5
105,2727,169093,4
436,2728,169145,4
753,2729,169178,5
436,2730,169224,4
659,2731,169292,5
90,2732,169385,4
-622,2733,169406,3
111,2734,169467,5
235,2735,169588,5
-935,2736,169632,4
-710,2737,169693,3
-2425,2738,169843,3
699,2739,169892,5
188,2740,169926,5
1805,2741,170021,6
275,2742,170111,5
1733,2743,170197,5
2357,2744,170265,6
591,2745,170366,5
1349,2746,170416,5
1059,2747,170453,5
263,2748,170501,4
-324,2749,170552,4
-849,2750,170587,3
3006,2751,170726,9
2999,2752,170823,7
1163,2753,170850,5
-792,2754,170961,4
814,2755,171050,6
-157,2756,171114,4
-187,2757,171257,5
-1483,2758,171327,3
-735,2759,171357,3
-625,2760,171423,3
-1227,2761,171522,3
-403,2762,171545,3
-69,2763,171621,4
243,2764,171665,4
916,2765,171779,6
-43,2766,171814,4
355,2767,171837,4
1357,2768,171892,6
921,2769,171950,5
1065,2770,171970,5
-443,2771,172093,4
225,2772,172161,5
15,2773,172177,4
-144,2774,172250,4
933,2775,172287,5
1090,2776,172338,5
1513,2777,172400,5
1800,2778,172446,6
613,2779,172503,5
-827,2780,172534,3
-889,2781,172642,4
1335,2782,172681,6
297,2783,172737,4
-778,2784,172762,3
108,2785,172816,4
367,2786,172962,5
30,2787,173154,5
-881,2788,173230,4
324,2789,173284,4
766,2790,173314,4
1902,2791,173428,7
-492,2792,173444,3
-1579,2793,173502,3
-668,2794,173572,4
-690,2795,173622,4
1857,2796,173682,6
1083,2797,173745,6
817,2798,173777,4
1175,2799,173812,5
338,2800,173914,5
1010,2801,173954,5
156,2802,173980,4
1167,2803,174014,5
338,2804,174117,5
217,2805,174142,4
-488,2806,174158,3
117,2807,174183,4
556,2808,174204,4
-624,2809,174249,3
1569,2810,174293,5
202,2811,174322,4
2146,2812,174369,7
-1318,2813,174417,3
471,2814,174529,6
683,2815,174558,4
1031,2816,174612,5
3804,2817,174703,9
-1271,2818,174802,4
-1066,2819,174874,3
1003,2820,174950,6
-513,2821,174969,3
661,2822,175009,4
485,2823,175033,4
1173,2824,175058,5
917,2825,175187,5
267,2826,175309,5
-673,2827,175372,3
-37,2828,175415,4
978,2829,175460,6
1023,2830,175537,6
809,2831,175582,5
-540,2832,175668,4
-113,2833,175733,4
112,2834,175808,5
1126,2835,176053,7
922,2836,176088,5
-1953,2837,176323,4
-971,2838,176389,3
-377,2839,176404,3
-557,2840,176422,3
23,2841,176469,4
-467,2842,176499,3
-1046,2843,176548,3
126,2844,176602,4
-652,2845,176646,3
670,2846,176665,4
136,2847,176711,4
-313,2848,176752,4
531,2849,176831,5
1201,2850,176863,5
-864,2851,176896,3
596,2852,176944,5
-289,2853,177032,4
-1199,2854,177079,3
-586,2855,177099,3
504,2856,177140,4
2461,2857,177223,6
2395,2858,177270,7
1860,2859,177400,6
-250,2860,177490,4
1103,2861,177516,5
224,2862,177554,4
-1513,2863,177647,3
-852,2864,177711,3
-1299,2865,177762,3
-2146,2866,177881,3
-259,2867,178046,5
591,2868,178225,6
594,2869,178288,5
-995,2870,178358,3
696,2871,178384,4
-52,2872,178433,5
432,2873,178481,5
-615,2874,178563,4
11,2875,178588,4
-633,2876,178598,3
1018,2877,178645,5
-1871,2878,178785,3
130,2879,178866,5
-340,2880,178894,3
636,2881,179008,7
910,2882,179025,5
432,2883,179063,5
3789,2884,179164,9
1369,2885,179208,5
529,2886,179269,5
539,2887,179436,6
192,2888,179458,4
363,2889,179486,4
100,2890,179521,4
62,2891,179567,4
-520,2892,179693,4
43,2893,179726,4
-540,2894,179747,3
-1514,2895,179795,3
-833,2896,179830,3
-1546,2897,179876,3
-739,2898,180111,5
-658,2899,180188,3
-1285,2900,180238,3
-586,2901,180258,3
-1020,2902,180323,3
669,2903,180355,4
1160,2904,180395,5
725,2905,180418,4
-105,2906,180491,5
-1254,2907,180571,3
-162,2908,180620,4
404,2909,180653,4
979,2910,180695,5
366,2911,180713,4
148,2912,180783,4
1053,2913,180825,5
474,2914,180892,4
420,2915,180934,4
-462,2916,180958,3
1422,2917,181095,6
-143,2918,181190,5
533,2919,181213,4
696,2920,181236,5
-237,2921,181280,4
18,2922,181323,4
-1614,2923,181420,3
-750,2924,181453,3
-377,2925,181468,3
-900,2926,181578,4
-823,2927,181636,3
-1094,2928,181676,3
1323,2929,181847,6
-1145,2930,182160,5
2063,2931,182428,7
-722,2932,182497,3
-944,2933,182627,4
-391,2934,182699,4
-548,2935,182888,5
-558,2936,183195,7
-1517,2937,183286,3
1611,2938,183498,6
186,2939,183729,7
-286,2940,183787,4
-767,2941,183859,4
779,2942,183942,6
146,2943,183980,4
-791,2944,184151,5
2309,2945,184194,7
1300,2946,184242,5
-1136,2947,184352,4
-634,2948,184428,4
-2688,2949,184684,4
82,2950,184753,5
-918,2951,184821,4
1388,2952,184883,5
-528,2953,184895,3
-2148,2954,185049,4
-796,2955,185105,3
-1035,2956,185184,3
-460,2957,185313,4
666,2958,185345,5
-745,2959,185583,5
678,2960,185623,5
279,2961,185793,5
50,2962,185929,5
65,2963,186070,6
-1438,2964,186126,3
115,2965,186242,4
-1333,2966,186292,3
-185,2967,186401,5
182,2968,186428,4
711,2969,186463,4
1660,2970,186502,6
-535,2971,186589,4
2226,2972,186701,7
2021,2973,186753,6
1153,2974,186788,5
158,2975,186826,4
379,2976,186859,4
583,2977,186907,5
-1927,2978,187136,5
-902,2979,187249,4
-327,2980,187307,4
-695,2981,187354,3
567,2982,187390,4
-33,2983,187481,5
-785,2984,187547,3
-2154,2985,187658,3
-952,2986,187710,3
-1793,2987,187782,3
60,2988,187919,5
315,2989,188022,5
1973,2990,188097,6
2127,2991,188154,7
1362,2992,188188,5
1104,2993,188210,5
-1112,2994,188324,4
1324,2995,188384,5
-1187,2996,188431,3
-876,2997,188575,4
-181,2998,188792,5
1643,2999,188903,6
-12,3000,188956,4
-1919,3001,189058,3
-382,3002,189147,4
-274,3003,189177,4
522,3004,189226,5
2043,3005,189341,7
2462,3006,189390,7
302,3007,189464,4
-1109,3008,189601,5
1440,3009,189641,5
1356,3010,189702,6
-1558,3011,189817,3
-762,3012,189881,4
-1654,3013,189934,3
-2497,3014,190059,3
-496,3015,190076,3
-63,3016,190176,4
-930,3017,190212,3
-1282,3018,190696,7
-1582,3019,190783,3
759,3020,190975,8
-2299,3021,191190,5
-3625,3022,191489,4
2640,3023,191589,7
1809,3024,191632,6
284,3025,191682,5
1367,3026,191752,5
-433,3027,191888,5
994,3028,191990,6
-618,3029,192091,5
-1154,3030,192207,4
-1634,3031,192300,3
-479,3032,192315,3
-969,3033,192358,3
-2198,3034,192473,3
-1491,3035,192727,6
-2383,3036,192886,3
1794,3037,192976,6
-2241,3038,193219,4
-1242,3039,193336,3
-2248,3040,193489,4
-842,3041,193530,3
-1167,3042,193576,3
-1540,3043,193654,3
-1714,3044,193842,4
-258,3045,193876,4
-1729,3046,194008,4
630,3047,194162,6
1165,3048,194187,5
4430,3049,194266,10
1060,3050,194297,5
-4325,3051,194833,5
-2552,3052,195231,6
964,3053,195316,7
674,3054,195349,4
-461,3055,195418,5
1951,3056,195488,6
-667,3057,195662,5
-1273,3058,195755,3
-2998,3059,196086,5
-2890,3060,196289,4
-2888,3061,196467,3
-4109,3062,196871,5
315,3063,197097,7
-297,3064,197199,4
-2764,3065,197425,4
596,3066,197813,8
-3472,3067,198043,3
-1715,3068,198116,3
-15721,3069,199212,4
-142823,3070,209211,4
-142059,3071,219210,3
-142059,3072,229209,3
-143911,3073,239208,5
3795,3074,239261,9
1164,3075,239279,5
1833,3076,239304,6
-139799,3077,249303,4
-142045,3078,259302,3
1249,3079,259322,5
2613,3080,259357,7
-139068,3081,269356,7
-139026,3082,279355,5
-142045,3083,289354,3
-141071,3084,299353,6
-142045,3085,309352,3
-141619,3086,319351,3
-142045,3087,329350,3
831,3088,329363,5
1095,3089,329384,5
-130946,3090,339383,12
-141093,3091,349382,4
-29932,3092,352000,11
-26364,3093,354700,15
-9239,3094,356658,18
-1125,3095,357728,13
-220,3096,358297,10
4838,3097,358489,11
2529,3098,358936,12
-3089,3099,359881,8
6779,3100,360393,17
2800,3101,360475,8
8728,3102,361160,19
7988,3103,361814,19
3310,3104,362643,15
6908,3105,363266,17
3319,3106,363328,9
3524,3107,363409,9
7864,3108,363710,16
5605,3109,363963,12
2528,3110,364382,12
6916,3111,364625,14
3721,3112,365135,13
2413,3113,365331,7
3370,3114,365708,11
10793,3115,366340,21
2934,3116,366920,14
5638,3117,367122,11
5309,3118,367710,12
4300,3119,368158,13
4033,3120,368342,9
1029,3121,368383,5
933,3122,368634,8
8178,3123,369422,21
6547,3124,369793,13
561,3125,370441,9
-189,3126,371596,12
-3494,3127,373406,16
4829,3128,374842,18
-10352,3129,377742,11
3406,3130,378136,12
279,3131,378191,5
877,3132,378949,10
293,3133,380733,16
3075,3134,382120,15
-7929,3135,384566,10
979,3136,384595,5
971,3137,385042,9
2205,3138,385227,7
-2752,3139,386192,9
-1806,3140,387630,10
-10297,3141,391000,12
-1906,3142,392007,9
-2514,3143,392560,5
590,3144,393427,11
-221,3145,394655,9
-1764,3146,395432,8
921,3147,395573,5
1751,3148,395954,8
2392,3149,396635,10
2539,3150,397420,11
3710,3151,397817,10
-4209,3152,399953,12
-199,3153,401176,12
-4117,3154,402868,11
-272,3155,404288,13
-2737,3156,405922,12
3395,3157,406276,11
-9090,3158,409000,14
-554,3159,409742,10
-10390,3160,412771,18
200,3161,413169,8
-8158,3162,415398,13
-7396,3163,417614,12
-3787,3164,418913,12
-212,3165,419207,6
-9057,3166,421274,12
-6910,3167,423519,15
2760,3168,424303,13
-7898,3169,426371,14
-4944,3170,428059,12
-5012,3171,429613,12
-14540,3172,432238,11
-5344,3173,434013,12
-1298,3174,435145,11
1217,3175,435332,7
343,3176,436042,11
-3552,3177,437504,12
1314,3178,437773,7
3996,3179,437846,9
832,3180,438232,9
-850,3181,438560,6
1399,3182,440043,14
1431,3183,440560,8
1066,3184,440986,9
-4130,3185,442601,14
-4588,3186,444500,13
2247,3187,445076,12
4683,3188,445153,10
-1166,3189,445895,7
-3420,3190,447004,11
4518,3191,447417,12
1095,3192,447942,11
-6496,3193,449255,9
978,3194,450585,17
-421,3195,452077,13
-5141,3196,453765,13
-323,3197,454688,13
3918,3198,455562,14
-10761,3199,457897,13
-5680,3200,459756,12
-3460,3201,461207,13
525,3202,461817,9
2963,3203,462154,10
1212,3204,462694,11
-6999,3205,464834,16
-1660,3206,466375,9
556,3207,466949,8
1817,3208,468172,15
6208,3209,469146,15
2090,3210,469652,11
-715,3211,470938,14
2513,3212,471372,10
1843,3213,471808,10
1368,3214,472720,12
9747,3215,473626,22
-921,3216,474076,6
343,3217,474877,10
2225,3218,475250,9
4171,3219,475537,11
5479,3220,475971,13
-1766,3221,477350,14
-3790,3222,479001,14
-5565,3223,480921,11
6977,3224,481061,13
-28239,3225,485015,5
-185,3226,486377,14
-12022,3227,489516,15
624,3228,489816,7
1361,3229,490834,13
-6407,3230,493256,13
729,3231,494030,9
-5002,3232,496364,15
-5962,3233,498458,13
4198,3234,498643,10
-8549,3235,500455,10
423,3236,501151,10
-1241,3237,502253,9
617,3238,502731,7
2867,3239,503982,17
-1589,3240,505169,12
2128,3241,505722,11
1607,3242,506395,10
3165,3243,507414,14
6352,3244,507687,13
1954,3245,508306,10
1105,3246,508619,7
3182,3247,509272,11
-520,3248,509783,7
-935,3249,511311,15
-11204,3250,514128,11
1254,3251,514800,11
678,3252,514838,5
9614,3253,515499,19
815,3254,516061,10
2986,3255,516549,10
-1390,3256,517964,11
-1039,3257,518599,7
-387,3258,519285,10
2679,3259,519469,8
4034,3260,520152,15
5372,3261,520241,11
-3480,3262,521233,9
-1084,3263,521930,7
2671,3264,522585,11
-2550,3265,523149,5
4004,3266,523489,11
-4353,3267,525319,12
1747,3268,525489,7
323,3269,526015,10
2531,3270,526204,8
-5235,3271,528200,14
1346,3272,528228,5
1960,3273,528791,12
74,3274,529841,11
-5291,3275,531546,10
1005,3276,532976,14
-1255,3277,533602,9
1688,3278,534338,10
63,3279,535533,13
-1307,3280,536458,8
-967,3281,537611,11
3865,3282,538253,13
530,3283,539028,11
-1902,3284,540437,12
1446,3285,540625,7
2324,3286,541044,10
-130,3287,541484,7
-2996,3288,543638,16
490,3289,544538,12
-8201,3290,545874,5
1513,3291,546578,10
3633,3292,547319,14
18,3293,548234,11
6974,3294,549375,21
3283,3295,549839,12
-2176,3296,551083,9
260,3297,552459,15
2841,3298,553363,14
3573,3299,553494,8
-8188,3300,555283,8
4324,3301,555626,11
4330,3302,556489,16
2415,3303,557529,15
-3690,3304,559387,11
5189,3305,559578,10
3281,3306,560023,12
-1561,3307,561183,13
869,3308,561934,11
2874,3309,562273,10
293,3310,563452,12
-12955,3311,565925,9
793,3312,565949,5
-240,3313,566667,8
2515,3314,567194,12
-936,3315,567968,10
-3655,3316,570031,12
-5970,3317,571530,11
-10855,3318,574095,11
1571,3319,574622,12
1605,3320,574776,7
1197,3321,575267,10
751,3322,576267,11
727,3323,577448,12
1008,3324,578494,11
-2917,3325,579921,13
2416,3326,580480,12
-343,3327,581626,15
-9888,3328,584210,12
1652,3329,584246,6
-7766,3330,585961,10
3119,3331,586507,12
4095,3332,586929,10
-2284,3333,587593,6
-59,3334,588526,11
2228,3335,588703,8
-4776,3336,589773,6
951,3337,590094,7
-218,3338,590441,7
-2781,3339,591945,12
-1151,3340,593449,14
-4,3341,594507,12
1431,3342,595920,15
4800,3343,596707,15
-10277,3344,598836,8
1696,3345,599531,11
4675,3346,599885,13
6067,3347,601124,18
2450,3348,601442,9
891,3349,601751,7
-6083,3350,602846,5
-3896,3351,603946,11
307,3352,604838,13
1092,3353,605524,12
-5483,3354,607180,10
1497,3355,608203,13
3926,3356,608713,11
3172,3357,609107,12
-4251,3358,610571,8
2833,3359,611083,10
2697,3360,611793,13
1337,3361,611827,5
1705,3362,613073,14
1165,3363,614122,14
5306,3364,614474,12
1050,3365,615037,9
2804,3366,615503,9
523,3367,615880,8
-5389,3368,617458,9
950,3369,617736,7
2654,3370,618511,11
1645,3371,619174,9
-5865,3372,620920,11
1506,3373,621752,11
2410,3374,622519,15
-398,3375,624110,14
1268,3376,624988,12
1178,3377,625815,10
4468,3378,626397,12
2102,3379,627159,11
1205,3380,627657,7
-2984,3381,628690,8
1644,3382,629175,8
464,3383,629482,7
1527,3384,630251,11
1890,3385,630539,8
-533,3386,631696,13
2686,3387,632188,10
404,3388,632694,7
3966,3389,633108,12
3189,3390,633433,10
1669,3391,633613,7
2564,3392,633876,9
-9,3393,634310,8
-2444,3394,635026,7
-2175,3395,635816,11
-5336,3396,637071,7
1257,3397,637747,9
-4430,3398,638429,5
1129,3399,639012,11
448,3400,640806,20
-7552,3401,642499,7
-2534,3402,644074,16
1130,3403,645100,11
-660,3404,646232,11
1149,3405,647018,9
-5379,3406,648649,6
-6762,3407,651327,13
3717,3408,651843,12
-8789,3409,653768,11
4445,3410,654027,10
511,3411,654899,12
-330,3412,655748,12
-6062,3413,657421,10
3052,3414,657771,9
3312,3415,658129,10
-1061,3416,658397,5
-5366,3417,659883,10
-837,3418,660192,5
-7594,3419,662731,17
4470,3420,663246,13
2976,3421,663463,8
893,3422,664055,9
2001,3423,664202,7
-993,3424,664457,5
1887,3425,665681,15
3106,3426,666334,11
636,3427,666973,11
4826,3428,668040,16
2921,3429,668517,10
2392,3430,669028,9
-3065,3431,670057,9
3339,3432,670539,11
1398,3433,671309,11
-1803,3434,672136,10
2723,3435,672487,9
3122,3436,672991,10
2552,3437,673389,9
373,3438,673983,7
2482,3439,674479,10
2037,3440,674788,8
975,3441,676193,16
-4531,3442,677260,7
498,3443,677957,7
-1867,3444,679183,12
1538,3445,679300,6
3443,3446,679736,11
-8530,3447,681394,9
-6314,3448,683249,10
-1541,3449,683890,9
-3462,3450,684676,8
-6,3451,685410,9
1052,3452,685766,9
-3097,3453,686857,9
2083,3454,687178,8
744,3455,687733,10
21,3456,688354,8
-436,3457,690007,15
-11116,3458,692470,16
-3173,3459,692932,5
-2250,3460,693842,8
-5529,3461,695369,10
3734,3462,696233,15
607,3463,697379,14
-1409,3464,697888,6
401,3465,698658,12
2678,3466,699321,12
2995,3467,700063,14
-5661,3468,701594,13
-198,3469,701899,5
-3110,3470,702524,7
214,3471,703879,12
-9292,3472,706057,9
-2036,3473,706648,7
1327,3474,706856,7
1780,3475,707432,11
-1006,3476,708420,8
-4694,3477,709509,9
-438,3478,710477,10
-1908,3479,711250,8
-18936,3480,714180,8
-236,3481,714718,6
-5204,3482,715345,5
-9246,3483,717129,6
-3669,3484,717720,6
-9458,3485,719020,5
1157,3486,719370,8
-9927,3487,721888,14
-2199,3488,723070,10
5272,3489,723553,15
-8673,3490,725324,5
-11433,3491,727443,8
-8361,3492,728593,5
-3153,3493,729755,11
-10750,3494,732601,16
-994,3495,733261,6
-14789,3496,735685,10
-22466,3497,739783,9
987,3498,740227,9
-14257,3499,741958,5
-5610,3500,742557,5
-6193,3501,744547,12
193,3502,744978,6
-3574,3503,746384,9
2178,3504,746676,8
287,3505,746762,5
79,3506,746899,5
-1603,3507,747926,10
-3015,3508,748674,7
-5872,3509,749922,8
-7598,3510,750984,5
635,3511,751085,5
2557,3512,751398,9
-5117,3513,752221,8
-1975,3514,753232,13
3817,3515,753478,10
-10856,3516,755544,11
-7315,3517,756893,11
-13759,3518,759055,7
-14274,3519,761410,6
-8247,3520,762618,7
-9566,3521,763955,7
-18102,3522,766804,7
3725,3523,766933,9
2182,3524,767522,10
-8636,3525,769250,13
-2332,3526,770388,8
-1941,3527,770800,8
-4865,3528,771530,7
-1839,3529,772419,10
-9152,3530,774255,9
-4728,3531,775556,9
-327,3532,775874,6
-1651,3533,776393,6
-3627,3534,777126,6
-5351,3535,778692,9
-1504,3536,779287,8
-3204,3537,781528,17
-9952,3538,782817,6
-7681,3539,784213,6
50,3540,785126,13
-9536,3541,786567,7
-2498,3542,787512,8
-1753,3543,788549,10
-11280,3544,790611,12
-6719,3545,791713,9
-2154,3546,792286,7
-6534,3547,793160,6
-3097,3548,794439,9
-3430,3549,795401,6
-10435,3550,796959,6
-4424,3551,797787,5
-6682,3552,798940,7
-9164,3553,800722,9
-7638,3554,801623,6
-10150,3555,802860,5
-1820,3556,804291,13
-10706,3557,806201,6
-8424,3558,807194,5
-14660,3559,809371,8
-2316,3560,809934,8
-3396,3561,810743,9
629,3562,811424,13
-7116,3563,812241,5
-6574,3564,813139,7
-7508,3565,813986,5
-5865,3566,815170,7
-11449,3567,816786,8
-2531,3568,818189,11
-832,3569,818803,7
-9705,3570,820312,5
-3373,3571,820765,5
-6736,3572,821781,5
-3220,3573,822113,5
1502,3574,822607,9
-4057,3575,823299,6
-4728,3576,824003,5
-10498,3577,825734,11
-2237,3578,826650,8
-13174,3579,828474,7
-3092,3580,829468,10
-3868,3581,829915,5
-6940,3582,831011,6
-5944,3583,831822,5
-10203,3584,834379,14
-13848,3585,836739,5
46,3586,837475,12
-4484,3587,838166,6
-12159,3588,839810,7
-19747,3589,842872,9
-3754,3590,843449,6
-6627,3591,844772,6
-4090,3592,845336,5
-2186,3593,845797,5
-8922,3594,847079,9
-6188,3595,847781,5
-5547,3596,848478,5
-757,3597,848786,6
-9485,3598,850348,10
-1994,3599,850790,5
-963,3600,851017,5
-5600,3601,851929,7
-308,3602,852094,5
-14810,3603,854241,12
-15422,3604,856142,8
-3693,3605,856607,5
2417,3606,856907,10
-5753,3607,857724,6
-4463,3608,858725,5
-12005,3609,860220,5
-4636,3610,860951,7
-2981,3611,861683,7
-15906,3612,864608,14
-11217,3613,867127,15
-15660,3614,868784,6
-6749,3615,869577,6
1090,3616,869730,7
-6993,3617,871336,12
-3405,3618,872005,7
-8781,3619,874068,9
-3885,3620,875205,7
-2344,3621,876100,10
-3399,3622,877395,13
1529,3623,877719,7
-8636,3624,879260,9
-4331,3625,880848,14
-9381,3626,882185,7
-5097,3627,883225,11
-18584,3628,886735,9
-1103,3629,887120,5
-6542,3630,889036,10
-9345,3631,890475,7
-10052,3632,891762,8
-14601,3633,893338,6
-4818,3634,894418,7
-12508,3635,896370,11
446,3636,896458,5
-3635,3637,897283,6
1633,3638,897731,8
-3110,3639,899179,10
956,3640,899215,5
-4284,3641,900257,9
-9188,3642,901518,7
-17016,3643,903689,10
-81,3644,904090,9
-5676,3645,905291,8
-7779,3646,906213,5
-9253,3647,907504,6
920,3648,907849,7
-23223,3649,910630,11
-5946,3650,911889,9
-18598,3651,913946,10
-3821,3652,914361,5
-7851,3653,916227,10
-981,3654,916516,5
-5172,3655,917211,6
-1304,3656,917831,7
-8724,3657,918984,5
-2286,3658,919342,5
-11017,3659,920841,6
-9503,3660,922010,8
-5128,3661,923034,11
352,3662,923167,5
-3168,3663,924106,11
-2412,3664,924633,7
-336,3665,924792,5
-2360,3666,925636,10
859,3667,926031,8
-9535,3668,927202,8
-6205,3669,928205,6
-4155,3670,928882,5
-2545,3671,929291,5
-12837,3672,930958,8
-9596,3673,932370,7
-1950,3674,932785,5
-14624,3675,934889,10
-8190,3676,935998,9
-9662,3677,937475,8
-6116,3678,938465,10
-11670,3679,940270,11
-8623,3680,941202,5
-560,3681,941574,6
-12136,3682,942734,5
-3086,3683,943305,6
-5390,3684,944153,5
-9361,3685,945102,5
-5905,3686,945861,5
-8715,3687,947017,6
-18715,3688,948980,5
-7218,3689,950368,12
-2577,3690,950980,7
-4085,3691,951645,5
-4290,3692,952462,8
-1783,3693,952734,5
-4346,3694,953287,5
-4078,3695,953922,8
-5142,3696,955283,10
-13555,3697,957066,9
-19050,3698,959176,7
-1827,3699,959810,7
-17435,3700,961986,5
1405,3701,962034,6
-241,3702,962999,13
-2266,3703,963289,5
-18320,3704,965078,5
-10621,3705,967136,15
-4592,3706,968098,9
-21585,3707,971272,13
-7463,3708,973446,18
-5596,3709,974661,9
-129,3710,975010,6
-9633,3711,976394,10
-8832,3712,977881,13
-12381,3713,979588,7
-4336,3714,980923,13
-11545,3715,982338,7
-12406,3716,983536,6
724,3717,984211,14
-14014,3718,985422,5
-2645,3719,986058,6
-14660,3720,987899,10
-21107,3721,990917,9
-4556,3722,991817,6
-10037,3723,993864,12
-27293,3724,997522,10
-6984,3725,998926,11
-6165,3726,1000370,11
-16152,3727,1002638,9
-9574,3728,1004637,14
-11548,3729,1005853,6
-2554,3730,1006281,6
-7910,3731,1007449,8
-10925,3732,1008816,7
114,3733,1009165,7
-12161,3734,1010958,8
-5702,3735,1011791,7
-8807,3736,1012892,5
-2248,3737,1013314,5
-13199,3738,1014925,7
-8925,3739,1016002,6
-9145,3740,1017924,9
-20145,3741,1020169,10
-9800,3742,1021186,5
-16889,3743,1023687,11
-4485,3744,1024222,6
-13532,3745,1025502,5
-865,3746,1025744,5
-16078,3747,1027162,5
-4060,3748,1028035,8
-787,3749,1028604,9
-4337,3750,1029002,5
-18341,3751,1031526,12
-145,3752,1031817,6
-448,3753,1032002,5
-4858,3754,1032643,5
-16817,3755,1034855,10
-2832,3756,1035395,5
-12191,3757,1037063,7
-16611,3758,1039119,11
-2300,3759,1039850,9
-11240,3760,1041237,6
-19673,3761,1043516,5
-10096,3762,1044520,5
-2193,3763,1045064,8
-4069,3764,1045635,5
-526,3765,1045890,5
-16622,3766,1047762,8
-3975,3767,1048704,9
-12491,3768,1050513,8
1528,3769,1051023,10
-2313,3770,1051595,6
-21584,3771,1054835,11
-10911,3772,1056115,7
-37726,3773,1060279,9
-3407,3774,1061104,9
-1154,3775,1061379,5
-25408,3776,1064776,15
-10456,3777,1066209,5
-29224,3778,1068885,5
-3570,3779,1069641,6
-28027,3780,1072858,11
-2814,3781,1073732,10
-11513,3782,1075597,9
-13768,3783,1077777,9
-6963,3784,1078430,5
-9986,3785,1079390,5
-19084,3786,1082647,17
-969,3787,1083206,7
-10370,3788,1084483,5
-23415,3789,1087493,10
-6673,3790,1088799,12
-30580,3791,1091868,6
-13205,3792,1093059,5
-9689,3793,1094252,5
-6614,3794,1094935,6
-29665,3795,1098819,11
-6157,3796,1099650,5
-3654,3797,1100214,7
-6401,3798,1100837,5
-11973,3799,1102659,9
-6058,3800,1103261,5
-7947,3801,1104775,11
-16961,3802,1107080,11
-13764,3803,1108698,7
-16117,3804,1110545,6
-11963,3805,1112020,8
-48530,3806,1116557,5
-12137,3807,1118084,10
-10778,3808,1119401,5
-49,3809,1119625,6
-16,3810,1119940,7
-7253,3811,1120649,5
-1177,3812,1121097,6
-17005,3813,1122995,6
-9906,3814,1124549,8
-13969,3815,1126746,15
-20067,3816,1128646,6
-9345,3817,1129674,5
-8283,3818,1131043,10
-4326,3819,1132292,8
-2091,3820,1132936,6
-10353,3821,1134216,7
-469,3822,1134486,6
-16405,3823,1136273,6
-15212,3824,1138474,12
-26359,3825,1141525,9
-7893,3826,1142670,7
-28085,3827,1145361,6
-19508,3828,1148166,11
4008,3829,1148433,9
-379,3830,1149018,11
-2905,3831,1149710,9
-11952,3832,1151122,8
-3730,3833,1151589,5
-23975,3834,1154801,13
-18749,3835,1157233,9
-32470,3836,1160271,6
-18238,3837,1162626,8
-2319,3838,1163421,10
-4731,3839,1164048,6
-27912,3840,1167559,13
-3337,3841,1168328,7
-2186,3842,1168558,5
-17625,3843,1170467,8
-10532,3844,1171912,8
-5496,3845,1172946,10
-8308,3846,1173686,5
-36344,3847,1177701,7
-27203,3848,1180902,10
-13311,3849,1182488,10
-5413,3850,1183178,6
-3324,3851,1183524,5
-3265,3852,1184067,5
-12330,3853,1185667,5
-2653,3854,1186514,8
-23584,3855,1190151,9
-5959,3856,1191310,12
-19712,3857,1193541,9
-17973,3858,1195658,7
-6703,3859,1196546,7
-14690,3860,1198460,8
-7509,3861,1199369,5
-12235,3862,1200470,6
-19289,3863,1203336,15
-61562,3864,1210071,9
-19946,3865,1212678,11
-8743,3866,1214534,13
-13247,3867,1216274,10
-24308,3868,1218979,5
-22187,3869,1221382,5
-11260,3870,1222730,8
-7851,3871,1223748,8
566,3872,1224388,9
-3488,3873,1225044,6
-11547,3874,1227075,8
-9091,3875,1228507,9
-26270,3876,1231746,9
-17683,3877,1233809,9
-6560,3878,1234882,8
-23938,3879,1238330,14
-11793,3880,1240066,5
-9771,3881,1241410,6
-309,3882,1241673,6
-16188,3883,1243980,10
-15272,3884,1246093,11
-4649,3885,1247201,12
-7557,3886,1248551,12
-15315,3887,1249968,6
-1673,3888,1250753,11
1690,3889,1250822,6
-15438,3890,1253252,11
-6284,3891,1254155,7
-50017,3892,1259907,11
-11399,3893,1261650,8
-20326,3894,1263528,5
-6958,3895,1264332,5
-18266,3896,1266350,7
-55749,3897,1271363,6
1396,3898,1271439,6
-12314,3899,1273094,7
-14584,3900,1274574,5
-10191,3901,1276101,6
-4977,3902,1277102,10
-26598,3903,1280197,9
-4657,3904,1280903,8
-6089,3905,1281668,7
-11017,3906,1282968,5
-5334,3907,1283692,6
814,3908,1283704,5
-22626,3909,1286281,6
-21092,3910,1288014,5
-7862,3911,1289038,7
-1088,3912,1289347,6
-10971,3913,1290498,5
-13091,3914,1292115,7
-11593,3915,1293414,6
-5411,3916,1294284,6
-4037,3917,1294799,5
-16615,3918,1296569,8
-27546,3919,1299983,11
-28131,3920,1302472,5
-30963,3921,1305917,12
-8033,3922,1306916,7
-4232,3923,1307656,8
-22353,3924,1309486,5
-9936,3925,1310978,11
-15872,3926,1313091,5
-21502,3927,1315604,10
-22734,3928,1318321,8
-17329,3929,1320217,8
-11371,3930,1321586,8
-18788,3931,1323949,12
-8374,3932,1324759,5
-12856,3933,1326313,9
-15299,3934,1328462,10
-22377,3935,1330893,8
579,3936,1331096,6
338,3937,1331148,5
-12872,3938,1333447,12
-4436,3939,1334060,7
-9993,3940,1335302,7
-12893,3941,1336972,5
-4380,3942,1337764,5
-1228,3943,1338087,5
-17231,3944,1340167,7
-6545,3945,1341004,5
-14848,3946,1342826,9
-11914,3947,1344258,5
-9988,3948,1345259,6
-6417,3949,1345968,5
-15253,3950,1348304,11
-523,3951,1348533,5
-15752,3952,1350354,8
-4625,3953,1350990,6
-22969,3954,1353017,5
-8559,3955,1354011,7
-17651,3956,1356152,8
-24617,3957,1359081,10
-26423,3958,1361579,5
-52984,3959,1366402,5
-32267,3960,1369784,9
-34741,3961,1373373,9
-25699,3962,1375758,5
-22887,3963,1377745,5
-1643,3964,1377971,5
-5526,3965,1378747,8
-5183,3966,1379475,6
-34477,3967,1382838,9
-2698,3968,1383380,7
-12485,3969,1384778,5
-61673,3970,1390495,6
-22455,3971,1392928,9
-30999,3972,1396343,13
-17691,3973,1398085,6
-42942,3974,1402138,7
-183,3975,1402500,7
-47229,3976,1407241,7
-3001,3977,1407769,5
-16645,3978,1409685,7
-9172,3979,1410730,5
-45166,3980,1415404,9
-16623,3981,1417477,14
-13799,3982,1419431,10
-5023,3983,1420298,10
-21225,3984,1422471,7
-61561,3985,1428931,14
-6783,3986,1430025,8
-8917,3987,1431043,5
299,3988,1431080,5
814,3989,1431092,5
-21826,3990,1433418,7
-3758,3991,1434080,8
-51835,3992,1438554,5
-371,3993,1438968,8
-20252,3994,1441282,8
-19078,3995,1443730,8
-23083,3996,1446403,7
-4650,3997,1446975,5
-41264,3998,1451403,8
-26336,3999,1453978,9
-5565,4000,1454493,5
-395,4001,1454658,5
-29554,4002,1457625,5
-26817,4003,1460261,6
-17822,4004,1462241,7
-27982,4005,1464934,5
-1908,4006,1465185,5
-38448,4007,1469438,12
-12402,4008,1470840,6
-3491,4009,1471263,5
-11786,4010,1472403,5
-20468,4011,1474755,10
-6146,4012,1475855,10
-2517,4013,1476133,5
-58139,4014,1481961,7
-10646,4015,1482871,5
-10274,4016,1484502,10
-10853,4017,1485868,8
-6599,4018,1487315,14
-27333,4019,1490533,14
-30920,4020,1493342,7
-4646,4021,1493792,5
-40175,4022,1498016,5
-8863,4023,1499360,10
-56542,4024,1504849,5
-15453,4025,1506435,5
-14834,4026,1508064,6
-26308,4027,1510658,7
-46584,4028,1515034,6
-17920,4029,1516937,5
-32289,4030,1520094,7
-22485,4031,1522129,5
-5373,4032,1523030,10
-49126,4033,1528587,6
-36869,4034,1532290,5
-5566,4035,1533072,6
-9706,4036,1534308,6
-85505,4037,1541867,6
-8359,4038,1542867,6
-15344,4039,1544376,5
-27301,4040,1547074,7
-15867,4041,1548576,5
844,4042,1548793,6
-39055,4043,1552543,6
-30074,4044,1555237,8
-37327,4045,1558729,6
-24353,4046,1561310,9
-5878,4047,1562697,12
36,4048,1563028,7
-61535,4049,1569097,8
-27625,4050,1572035,7
-14892,4051,1573794,8
-32276,4052,1576787,6
-62266,4053,1582118,5
-19201,4054,1584649,9
-26479,4055,1587354,5
-25699,4056,1589954,6
-17887,4057,1591949,7
-2198,4058,1592574,10
-28449,4059,1595082,7
-7798,4060,1595858,5
-6029,4061,1596499,5
-10028,4062,1597449,5
-12824,4063,1599107,8
-2779,4064,1599729,7
-12124,4065,1601189,7
-15330,4066,1602885,5
-10315,4067,1603970,5
-49102,4068,1609035,9
-20841,4069,1611218,8
-7598,4070,1612034,5
-43847,4071,1615958,5
-6976,4072,1616611,6
-21024,4073,1618569,6
-19834,4074,1620845,9
-17231,4075,1622531,7
-73160,4076,1629727,14
-40178,4077,1633613,5
-31381,4078,1637027,10
-43352,4079,1641442,8
-11011,4080,1642582,8
-13073,4081,1643932,7
-18868,4082,1645571,5
-9452,4083,1646698,6
-31149,4084,1649874,7
-65389,4085,1655628,8
-22151,4086,1657938,6
-44332,4087,1662979,9
-14674,4088,1664259,5
-9261,4089,1665299,5
-21681,4090,1667527,5
-41782,4091,1671495,7
-64727,4092,1677331,7
-16652,4093,1678881,5
-16256,4094,1680302,6
-20880,4095,1682371,5
-24674,4096,1684961,9
-25214,4097,1687386,5
-39831,4098,1691226,9
-26870,4099,1693448,5
-19152,4100,1695565,5
-40349,4101,1699530,6
-17565,4102,1701396,7
-19001,4103,1702981,5
-37490,4104,1706562,9
692,4105,1706864,7
-27782,4106,1709654,8
-22594,4107,1711819,5
-40449,4108,1716594,16
-58721,4109,1722024,9
-7680,4110,1723329,10
-28187,4111,1726388,8
-28770,4112,1728681,5
-20641,4113,1730883,7
-28393,4114,1733650,5
-6321,4115,1734487,8
-1265,4116,1734700,5
-10019,4117,1735811,5
-19023,4118,1737999,8
-19193,4119,1739883,6
-27246,4120,1742474,7
-39652,4121,1745923,7
-4903,4122,1746824,8
-11538,4123,1748290,11
-58727,4124,1753740,6
-27358,4125,1756247,8
-21542,4126,1758281,6
-14102,4127,1759747,5
-23850,4128,1762185,6
-14839,4129,1763508,5
-37646,4130,1767148,7
-26786,4131,1769731,8
-11962,4132,1770825,6
-31215,4133,1773613,6
-31168,4134,1776898,6
-20825,4135,1779555,7
-12561,4136,1780903,7
-41214,4137,1784711,5
-36046,4138,1787784,7
-5587,4139,1788421,5
-7419,4140,1789354,5
-23255,4141,1791733,7
-33883,4142,1795273,8
-14287,4143,1796735,6
-64775,4144,1802840,8
-13593,4145,1804171,5
-14083,4146,1805925,8
-23429,4147,1808394,9
-46554,4148,1812681,6
-56936,4149,1817736,10
-14514,4150,1819288,6
-37618,4151,1822820,6
-51317,4152,1827897,6
-13477,4153,1829283,5
-14485,4154,1830517,5
-84626,4155,1837961,9
-1944,4156,1838504,8
-29970,4157,1841162,7
-18515,4158,1842823,6
-33716,4159,1846082,5
-4124,4160,1846558,5
-43523,4161,1850569,6
-32606,4162,1854083,9
-24095,4163,1856692,6
-25039,4164,1859415,9
-21218,4165,1861679,5
-29257,4166,1864692,8
-3478,4167,1865208,6
-718,4168,1865634,9
-8624,4169,1866694,7
-2457,4170,1867014,5
-5965,4171,1867665,5
-1746,4172,1868059,9
-17159,4173,1870148,9
-3745,4174,1870824,7
-20071,4175,1872778,6
-9285,4176,1873657,5
-26629,4177,1876249,8
-10292,4178,1877385,6
172,4179,1877509,5
-7887,4180,1878414,7
-88566,4181,1885894,6
-52056,4182,1890610,5
-20685,4183,1892560,5
-49350,4184,1896835,5
-2762,4185,1897286,5
-62758,4186,1903144,9
-11679,4187,1904765,11
-40910,4188,1908618,7
-26814,4189,1911176,6
-6996,4190,1911893,5
-12591,4191,1913608,6
-19997,4192,1915452,6
-73042,4193,1922420,8
-27898,4194,1924995,5
-7787,4195,1925860,5
-9163,4196,1926721,5
-15682,4197,1928297,6
-18247,4198,1930553,8
-10424,4199,1931674,7
243,4200,1931817,6
-6945,4201,1932907,10
-20477,4202,1935170,7
-28711,4203,1938430,9
-13333,4204,1939784,7
-40485,4205,1943477,7
-48588,4206,1947881,6
-6827,4207,1948725,5
-28552,4208,1951430,6
-8492,4209,1952633,10
-34553,4210,1956109,5
-521,4211,1956421,6
-32699,4212,1959694,9
-41359,4213,1963852,7
-47316,4214,1968013,5
-69172,4215,1974546,5
-35800,4216,1977982,7
-19050,4217,1979829,5
-52147,4218,1984723,6
-15833,4219,1986452,7
-40435,4220,1990427,10
-12931,4221,1992258,11
-9555,4222,1993389,5
-42442,4223,1997508,8
-14006,4224,1999171,9
-15740,4225,2000935,8
-41342,4226,2004617,6
-45241,4227,2008992,10
-23348,4228,2011280,6
-12989,4229,2012557,7
-40719,4230,2016025,7
-4883,4231,2016588,5
-37466,4232,2020068,7
-17316,4233,2021886,7
-62200,4234,2027743,7
-35944,4235,2031663,7
-49877,4236,2036618,7
-9827,4237,2037892,7
-10083,4238,2038980,6
-6820,4239,2039800,7
-6696,4240,2040521,5
-50872,4241,2045186,5
-56746,4242,2050443,5
-21142,4243,2052553,6
-8616,4244,2053506,5
2560,4245,2053574,6
-21846,4246,2055370,5
-36135,4247,2058690,6
-100968,4248,2067330,5
1971,4249,2067397,6
-60147,4250,2072942,6
-22104,4251,2075598,12
-37288,4252,2079143,7
-13130,4253,2080271,5
-41409,4254,2084293,11
-36236,4255,2087752,5
-43486,4256,2091894,8
-7358,4257,2092803,7
-30916,4258,2095458,5
-24600,4259,2097673,6
-46855,4260,2101524,5
-39380,4261,2105560,10
-62959,4262,2111191,7
1002,4263,2111302,6
-23070,4264,2113424,5
-45527,4265,2117393,7
-25771,4266,2119946,5
-42059,4267,2123657,6
-41895,4268,2127139,5
-23372,4269,2129256,7
-29070,4270,2131791,5
-118934,4271,2141790,4
-114948,4272,2151789,4
-83028,4273,2159324,7
-73225,4274,2166834,9
-4632,4275,2167312,5
1824,4276,2167369,6
-110020,4277,2176900,7
-108800,4278,2186899,3
-95674,4279,2194903,6
805,4280,2194917,5
-72540,4281,2201224,7
-42734,4282,2205033,6
-110899,4283,2214851,6
-24861,4284,2217126,7
-67921,4285,2223299,7
-93936,4286,2231696,5
-30032,4287,2234397,7
-72850,4288,2241108,7
-43503,4289,2245150,6
-75203,4290,2252103,7
-93308,4291,2260038,7
-32792,4292,2263234,5
-41581,4293,2267111,5
-57522,4294,2272197,6
-68390,4295,2278182,5
-1511,4296,2278439,5
-95497,4297,2286531,6
-79383,4298,2294360,12
-87663,4299,2302605,5
-13881,4300,2303767,5
-29219,4301,2306441,5
-111543,4302,2316049,8
-14242,4303,2317602,8
-39369,4304,2321142,8
-41016,4305,2325398,8
-70745,4306,2331848,8
-81363,4307,2339333,6
-78087,4308,2346594,9
-38574,4309,2349827,5
-98230,4310,2358555,5
-6504,4311,2359685,10
-18649,4312,2361508,5
-1584,4313,2362181,8
-46437,4314,2366328,8
-8802,4315,2367201,5
-36280,4316,2370883,11
-62054,4317,2376620,6
-48588,4318,2381379,8
-57665,4319,2387287,13
-46812,4320,2391366,5
-7834,4321,2392331,8
-106258,4322,2402330,10
-23475,4323,2404574,6
-34557,4324,2407875,5
-93331,4325,2416130,5
1967,4326,2416271,7
-90490,4327,2424438,5
-944,4328,2425097,11
-15498,4329,2426868,10
-51186,4330,2431683,8
-27638,4331,2434114,6
-20578,4332,2436291,9
-82705,4333,2443658,7
-28448,4334,2446413,7
-27325,4335,2449362,12
-20389,4336,2451533,5
-82504,4337,2459014,5
-60907,4338,2464567,7
-45017,4339,2468858,9
-5466,4340,2469599,7
-13087,4341,2471318,11
-24663,4342,2473484,6
-30744,4343,2476644,10
-31004,4344,2479524,5
-57637,4345,2484705,5
-8765,4346,2485525,5
-27810,4347,2488516,12
-4227,4348,2489102,7
2839,4349,2489138,9
-16510,4350,2491206,12
-2203,4351,2491531,5
2133,4352,2491590,6
-60192,4353,2496965,9
-19828,4354,2498775,6
-46500,4355,2502928,6
-11320,4356,2504194,8
-21272,4357,2506462,9
-98074,4358,2515531,11
-107574,4359,2525530,7
-34792,4360,2528622,5
-27007,4361,2531013,5
-78195,4362,2537858,5
-42487,4363,2541650,8
-53807,4364,2546331,9
-33636,4365,2549120,5
-66282,4366,2554845,6
-44059,4367,2558734,5
-45333,4368,2562755,7
-48713,4369,2567241,6
-33346,4370,2570770,10
-56681,4371,2576343,10
-14426,4372,2577667,5
336,4373,2578020,8
-73671,4374,2584626,6
-1342,4375,2585095,9
-89349,4376,2593411,10
-24140,4377,2595913,7
-49634,4378,2600499,7
-20887,4379,2602449,6
-19017,4380,2604484,10
-48701,4381,2608671,6
-48369,4382,2613001,6
-42654,4383,2616969,6
-29112,4384,2619596,5
-42112,4385,2623620,7
-110911,4386,2633619,7
-16759,4387,2635209,6
-37391,4388,2639167,12
-73347,4389,2645364,5
-106162,4390,2654664,5
-91954,4391,2662454,7
-26670,4392,2664911,7
-54051,4393,2669650,5
-35910,4394,2672754,5
-7333,4395,2673864,10
-4452,4396,2674379,5
-16523,4397,2676064,7
-66576,4398,2682453,10
-41935,4399,2686307,6
-52008,4400,2690962,8
-86368,4401,2698819,9
-107364,4402,2708254,7
-41338,4403,2712029,7
-76841,4404,2719046,10
-35664,4405,2722773,11
-46373,4406,2726787,10
-35875,4407,2729903,5
-38651,4408,2733308,6
-47875,4409,2737739,6
-81957,4410,2744573,5
-23385,4411,2746762,6
-30661,4412,2749415,5
-20171,4413,2751337,7
-110159,4414,2761336,6
-4674,4415,2761997,7
-12216,4416,2763078,5
-30503,4417,2765833,6
-27367,4418,2768450,5
-58285,4419,2773379,6
-57541,4420,2778708,7
-72167,4421,2784967,5
-40330,4422,2788553,6
-69008,4423,2794838,7
-60870,4424,2800254,6
-35866,4425,2803814,9
-54663,4426,2808396,5
-35517,4427,2811418,5
-42187,4428,2815302,7
-78614,4429,2822019,5
-1692,4430,2822574,8
-797,4431,2822787,5
-28156,4432,2825451,7
-93385,4433,2833438,5
-10853,4434,2834611,6
-52964,4435,2839331,5
-59892,4436,2845009,12
-63461,4437,2850649,6
-18698,4438,2852430,5
-115450,4439,2862429,4
-95057,4440,2870994,8
-55486,4441,2876471,11
-72144,4442,2882694,9
-27658,4443,2885043,5
-14791,4444,2886687,9
-4715,4445,2887214,5
-48311,4446,2891691,7
-8352,4447,2892746,7
-30444,4448,2895569,6
-20608,4449,2897387,5
-45062,4450,2901533,9
-4627,4451,2902114,6
-20786,4452,2903938,5
-13946,4453,2905426,8
-23766,4454,2907529,6
-39273,4455,2910916,5
-109906,4456,2920366,5
-8938,4457,2921465,7
-23223,4458,2923778,6
-70447,4459,2930372,13
-83848,4460,2937623,11
-46768,4461,2941692,6
-35508,4462,2944831,6
-55761,4463,2949472,5
-10187,4464,2950504,6
-26249,4465,2952896,5
-12273,4466,2954249,8
-65825,4467,2959789,5
-3883,4468,2960614,12
-4939,4469,2961490,8
-39920,4470,2965063,5
-30398,4471,2967753,5
-3767,4472,2968219,6
-1133,4473,2968478,7
-11071,4474,2969593,5
-84765,4475,2976809,5
-41620,4476,2980542,9
-16247,4477,2982368,9
-6837,4478,2983111,5
-60536,4479,2988386,5
-10276,4480,2989446,7
-31192,4481,2992281,8
-33648,4482,2995334,7
-84982,4483,3002432,6
